student_id;age;gender;school_type;study_hours;attendance_percentage;internet_access;travel_time;extra_activities;study_method;math_score;science_score;english_score;overall_score;final_grade
1;14;Male;Negeri;3.1;84.3;yes;<15 min;yes;notes;42.7;55.4;57.0;53.1;e
2;18;Female;Negeri;3.7;87.8;yes;>60 min;no;textbook;57.6;68.8;64.8;61.3;d
3;17;Female;Swasta;7.9;65.5;no;<15 min;no;notes;84.8;95.0;79.2;89.6;b
4;16;other;Negeri;1.1;58.1;no;15-30 min;no;notes;44.4;27.5;54.7;41.6;e
5;16;Female;Negeri;1.3;61.0;yes;30-60 min;yes;group study;8.9;32.7;30.0;25.4;f
6;19;Male;Negeri;3.8;69.6;yes;>60 min;yes;coaching;51.5;78.3;63.9;63.5;d
7;14;Female;Swasta;1.8;81.6;yes;30-60 min;no;textbook;41.9;29.4;39.2;39.1;f
8;18;Female;Swasta;5.6;59.4;yes;>60 min;yes;group study;56.7;60.1;53.4;69.6;d
9;15;other;Swasta;3.2;89.6;yes;15-30 min;yes;mixed;54.1;59.5;38.3;55.2;d
10;14;Female;Negeri;6.8;62.4;yes;>60 min;no;mixed;71.9;70.4;81.3;69.6;d
11;17;Female;Swasta;6.1;90.5;yes;15-30 min;no;notes;75.4;82.7;70.8;77.5;c
12;19;other;Negeri;4.0;96.2;yes;<15 min;yes;notes;62.0;54.7;58.0;65.0;d
13;18;Female;Swasta;6.8;58.2;yes;>60 min;no;mixed;75.1;80.5;56.2;73.6;c
14;18;other;Negeri;1.3;95.9;yes;30-60 min;yes;textbook;33.6;26.8;50.0;42.5;e
15;18;other;Negeri;4.9;85.3;yes;<15 min;no;coaching;88.1;66.1;70.3;69.3;d
16;18;other;Swasta;5.0;94.4;yes;15-30 min;yes;coaching;66.4;76.9;76.1;73.7;c
17;17;other;Swasta;2.3;67.3;yes;<15 min;yes;mixed;63.1;46.3;57.1;53.5;e
18;14;Female;Negeri;0.9;93.2;yes;15-30 min;yes;online videos;57.2;50.5;54.1;49.8;e
19;19;Male;Negeri;4.5;73.8;yes;30-60 min;yes;online videos;38.7;69.9;58.3;59.2;d
20;16;Female;Negeri;4.4;59.5;yes;<15 min;no;mixed;49.9;53.9;60.4;61.9;d
21;17;Male;Swasta;5.4;99.8;yes;>60 min;no;textbook;84.9;77.6;77.6;81.3;c
22;16;Female;Negeri;2.1;97.4;yes;>60 min;yes;group study;76.7;31.9;39.3;55.0;d
23;15;other;Negeri;1.8;56.2;no;30-60 min;yes;online videos;41.3;35.2;19.9;33.5;f
24;19;Female;Negeri;7.8;72.8;yes;15-30 min;yes;notes;100.0;100.0;100.0;94.6;b
25;18;Male;Negeri;1.4;99.3;yes;<15 min;no;mixed;38.9;31.2;57.3;41.4;e
26;17;Male;Swasta;8.0;77.4;yes;>60 min;no;coaching;100.0;87.7;69.3;92.5;b
27;16;other;Negeri;5.9;74.9;yes;15-30 min;no;textbook;94.6;92.8;86.9;82.5;c
28;18;other;Swasta;5.2;59.8;yes;<15 min;yes;textbook;42.9;89.9;63.4;75.4;c
29;17;Female;Swasta;3.0;71.0;yes;15-30 min;no;mixed;40.5;44.5;68.1;45.1;e
30;16;other;Negeri;7.0;74.9;yes;>60 min;yes;textbook;76.1;73.5;71.7;82.6;c
31;16;other;Swasta;7.3;85.7;yes;30-60 min;yes;group study;79.6;86.0;95.4;90.4;b
32;15;Female;Swasta;5.9;72.5;yes;>60 min;yes;textbook;79.3;82.5;77.4;77.1;c
33;14;Male;Swasta;5.8;81.7;yes;30-60 min;yes;notes;94.5;72.1;84.8;78.8;c
34;17;other;Negeri;4.2;55.1;no;15-30 min;no;coaching;60.5;57.4;72.9;62.2;d
35;19;Female;Negeri;1.1;88.2;yes;30-60 min;no;coaching;39.8;39.6;36.5;46.9;e
36;14;other;Swasta;8.0;50.2;yes;30-60 min;no;online videos;93.1;99.8;100.0;90.4;b
37;19;other;Negeri;0.6;82.1;yes;>60 min;no;coaching;45.9;43.5;35.0;42.0;e
38;18;Female;Negeri;4.2;91.3;yes;15-30 min;no;notes;82.4;73.5;61.7;79.0;c
39;15;Female;Swasta;3.3;88.3;yes;15-30 min;yes;notes;53.5;67.4;61.7;66.5;d
40;17;Male;Negeri;6.3;57.4;yes;<15 min;yes;notes;78.1;70.0;63.8;65.4;d
41;14;other;Swasta;6.0;92.2;yes;15-30 min;yes;textbook;72.8;72.5;100.0;88.7;b
42;18;Male;Swasta;5.2;54.0;yes;30-60 min;yes;notes;42.8;58.2;60.1;53.9;e
43;18;Female;Negeri;1.1;53.3;yes;15-30 min;no;group study;31.4;36.4;29.0;23.7;f
44;16;Female;Swasta;2.3;91.1;yes;30-60 min;no;mixed;76.4;56.2;56.4;63.6;d
45;14;Male;Swasta;1.2;59.1;yes;<15 min;no;group study;37.5;35.0;54.0;42.3;e
46;19;Female;Swasta;7.8;72.4;yes;30-60 min;no;mixed;77.3;94.5;88.0;83.5;c
47;16;other;Negeri;1.5;96.8;yes;>60 min;no;coaching;42.4;29.9;53.9;48.7;e
48;19;Male;Swasta;7.8;60.4;yes;>60 min;yes;online videos;85.1;100.0;100.0;96.3;a
49;18;Male;Swasta;1.3;89.0;yes;15-30 min;yes;coaching;31.5;26.9;32.6;37.5;f
50;18;Male;Swasta;7.0;79.2;no;30-60 min;no;coaching;86.6;91.1;100.0;95.9;a
51;18;Male;Negeri;4.8;70.3;yes;>60 min;yes;textbook;66.9;66.7;82.8;76.2;c
52;15;Male;Swasta;6.7;73.0;yes;15-30 min;no;notes;87.1;78.6;99.8;90.4;b
53;16;Female;Negeri;5.3;70.5;yes;15-30 min;yes;notes;77.9;80.5;79.9;77.0;c
54;16;other;Negeri;6.3;91.4;no;>60 min;yes;coaching;95.8;93.3;85.2;88.4;b
55;16;other;Swasta;6.0;90.7;yes;>60 min;yes;online videos;91.9;85.6;100.0;92.5;b
56;14;other;Negeri;2.5;68.7;yes;>60 min;no;online videos;39.3;25.2;39.2;39.5;f
57;17;other;Negeri;7.5;84.9;no;>60 min;yes;textbook;83.4;81.5;79.5;86.2;b
58;14;Female;Swasta;5.3;76.6;yes;15-30 min;no;online videos;67.8;81.5;67.3;76.9;c
59;18;other;Negeri;2.0;87.4;yes;15-30 min;no;online videos;39.8;40.9;59.9;41.1;e
60;18;Male;Swasta;2.8;52.5;yes;>60 min;yes;notes;51.3;48.7;53.4;46.2;e
61;19;other;Negeri;4.5;66.8;yes;15-30 min;no;mixed;69.7;61.7;53.0;65.1;d
62;18;Male;Swasta;7.1;66.8;yes;>60 min;no;online videos;78.9;63.1;83.9;85.8;b
63;16;other;Swasta;6.5;79.8;yes;30-60 min;yes;coaching;76.1;61.2;76.7;77.4;c
64;19;Male;Negeri;2.8;60.4;yes;30-60 min;yes;group study;62.7;65.5;47.6;54.9;e
65;16;Male;Swasta;5.7;76.6;yes;30-60 min;no;group study;84.1;83.3;88.2;80.9;c
66;15;Female;Negeri;0.5;99.0;yes;>60 min;no;notes;32.1;28.5;38.0;39.2;f
67;19;other;Swasta;3.0;52.2;yes;<15 min;yes;notes;33.8;45.9;47.3;46.9;e
68;16;Male;Negeri;6.8;75.2;no;<15 min;yes;online videos;57.3;100.0;71.8;82.4;c
69;14;Male;Swasta;1.6;56.9;yes;15-30 min;yes;group study;54.0;34.8;35.3;40.8;e
70;16;Female;Swasta;3.2;79.1;yes;15-30 min;no;notes;80.1;57.2;47.2;57.1;d
71;18;other;Negeri;0.5;62.0;no;15-30 min;no;group study;32.0;30.9;51.4;24.6;f
72;15;other;Negeri;0.7;95.1;yes;<15 min;yes;group study;41.4;43.6;23.8;50.0;e
73;16;Female;Swasta;1.6;65.9;yes;30-60 min;yes;coaching;33.9;62.8;30.7;37.1;f
74;14;Female;Swasta;1.3;97.9;yes;<15 min;yes;group study;53.1;58.0;59.5;59.5;d
75;18;Female;Swasta;4.2;50.2;no;30-60 min;yes;group study;48.3;63.2;46.5;51.5;e
76;16;other;Negeri;7.3;91.6;yes;>60 min;yes;online videos;99.6;100.0;99.1;96.4;a
77;15;Male;Swasta;1.1;63.1;no;>60 min;yes;group study;36.6;40.0;23.7;32.0;f
78;15;Male;Negeri;7.0;60.1;yes;<15 min;yes;group study;71.2;87.5;84.0;80.7;c
79;17;Male;Swasta;5.5;94.2;yes;<15 min;yes;group study;94.7;75.8;100.0;91.5;b
80;18;Male;Swasta;1.8;65.2;no;15-30 min;no;mixed;5.9;19.0;12.8;32.7;f
81;19;Female;Swasta;2.7;79.2;yes;30-60 min;yes;textbook;74.0;75.2;54.3;59.6;d
82;16;other;Negeri;2.0;86.8;yes;15-30 min;no;mixed;44.8;48.9;54.0;58.5;d
83;14;Female;Negeri;6.4;71.0;yes;<15 min;no;mixed;83.6;100.0;98.5;83.0;c
84;18;Female;Swasta;5.9;55.1;no;<15 min;no;group study;74.1;55.2;72.0;69.1;d
85;17;Male;Negeri;2.8;96.1;yes;<15 min;yes;notes;63.8;57.9;53.0;61.7;d
86;18;Female;Negeri;0.9;82.4;yes;>60 min;no;online videos;49.0;45.7;45.0;43.9;e
87;14;Male;Negeri;1.8;94.6;yes;>60 min;yes;online videos;74.3;57.7;46.7;61.3;d
88;15;other;Swasta;5.2;88.4;no;>60 min;yes;textbook;67.7;81.7;89.5;73.9;c
89;18;Female;Negeri;1.2;88.7;no;30-60 min;yes;notes;55.6;73.1;57.4;53.4;e
90;18;Female;Swasta;4.5;79.5;yes;<15 min;no;group study;57.0;56.1;62.6;63.4;d
91;16;other;Negeri;5.1;50.3;yes;30-60 min;no;group study;71.3;50.2;63.1;59.9;d
92;18;Male;Swasta;5.7;94.1;yes;30-60 min;yes;textbook;80.5;86.2;79.4;82.0;c
93;19;Female;Negeri;1.4;91.5;yes;30-60 min;yes;group study;40.0;46.1;31.2;41.3;e
94;16;Female;Negeri;3.9;86.4;no;30-60 min;no;online videos;57.3;49.7;54.7;59.5;d
95;19;Male;Swasta;4.0;93.9;yes;<15 min;no;group study;80.2;93.9;87.6;76.8;c
96;15;Male;Negeri;6.8;59.2;yes;30-60 min;no;notes;86.9;79.9;88.2;87.9;b
97;15;Male;Negeri;4.0;64.1;yes;>60 min;yes;group study;65.6;73.9;70.1;66.6;d
98;18;Male;Swasta;3.6;57.9;yes;15-30 min;no;group study;42.3;46.6;57.5;46.2;e
99;17;other;Swasta;1.4;82.3;yes;15-30 min;no;coaching;37.2;50.4;48.3;39.9;f
100;14;Male;Swasta;5.7;71.9;no;<15 min;no;group study;67.8;57.0;61.6;66.9;d
101;18;Male;Negeri;5.1;55.1;yes;30-60 min;yes;textbook;76.8;73.0;74.8;66.8;d
102;15;other;Swasta;5.9;78.8;yes;<15 min;yes;coaching;72.3;48.8;70.5;68.8;d
103;18;Female;Negeri;5.4;66.9;yes;30-60 min;yes;mixed;68.7;72.3;64.8;73.5;c
104;14;other;Swasta;7.1;74.5;yes;30-60 min;no;online videos;77.9;75.6;89.0;81.9;c
105;18;other;Swasta;7.1;63.1;yes;15-30 min;yes;notes;100.0;90.8;96.0;86.4;b
106;18;Male;Swasta;2.8;58.1;yes;15-30 min;no;group study;24.0;58.0;23.3;39.3;f
107;18;Female;Swasta;1.9;72.5;yes;<15 min;yes;textbook;39.3;44.8;42.7;52.9;e
108;17;Male;Swasta;7.4;61.3;no;30-60 min;yes;textbook;68.3;78.7;66.9;75.9;c
109;16;Female;Negeri;5.8;70.3;yes;<15 min;no;mixed;71.6;60.4;85.2;65.2;d
110;18;other;Swasta;7.8;69.1;no;30-60 min;no;online videos;73.4;96.5;74.7;82.4;c
111;15;other;Swasta;4.2;97.0;yes;30-60 min;yes;online videos;58.0;71.2;49.0;67.3;d
112;18;other;Swasta;7.7;59.3;yes;30-60 min;yes;online videos;98.5;85.1;76.7;88.9;b
113;17;Male;Negeri;1.4;64.3;yes;>60 min;no;group study;21.1;43.7;43.6;35.7;f
114;16;Male;Swasta;4.9;89.6;yes;30-60 min;yes;group study;81.1;63.6;67.7;74.2;c
115;17;Female;Negeri;4.2;64.8;yes;15-30 min;yes;mixed;73.7;64.0;52.8;61.3;d
116;17;Male;Swasta;0.5;74.0;yes;<15 min;no;textbook;44.4;35.1;20.1;37.1;f
117;14;Female;Swasta;1.9;88.1;yes;15-30 min;no;mixed;57.0;61.8;63.6;54.8;e
118;14;other;Swasta;1.7;50.2;no;30-60 min;yes;coaching;39.2;12.8;40.9;32.1;f
119;15;Male;Swasta;1.0;97.8;yes;15-30 min;yes;mixed;65.9;32.0;41.9;39.6;f
120;14;other;Negeri;7.6;73.1;yes;15-30 min;no;online videos;82.3;79.1;72.6;81.9;c
121;16;other;Negeri;7.7;88.0;yes;30-60 min;no;group study;92.4;76.4;86.1;92.0;b
122;18;other;Negeri;7.2;96.0;yes;<15 min;no;notes;100.0;71.6;83.4;89.4;b
123;17;Male;Swasta;7.9;93.8;yes;>60 min;yes;coaching;92.7;100.0;95.8;98.4;a
124;16;Male;Swasta;6.7;61.0;yes;>60 min;no;group study;85.3;86.2;80.0;87.8;b
125;19;Male;Swasta;7.5;77.8;no;<15 min;no;mixed;100.0;100.0;76.9;87.1;b
126;17;Male;Swasta;2.0;70.5;no;>60 min;no;group study;62.7;52.9;52.8;53.1;e
127;14;Male;Swasta;2.4;76.6;no;30-60 min;no;notes;40.3;64.6;67.1;52.7;e
128;18;Female;Negeri;7.0;89.0;yes;>60 min;no;mixed;83.8;71.4;71.2;82.6;c
129;17;Male;Swasta;4.1;67.7;yes;>60 min;no;online videos;72.3;71.7;66.9;65.0;d
130;17;Male;Swasta;5.9;73.9;yes;15-30 min;yes;textbook;80.4;66.8;92.5;81.1;c
131;17;other;Negeri;4.7;80.4;yes;>60 min;yes;online videos;72.7;78.1;75.3;73.8;c
132;17;other;Swasta;2.8;63.5;yes;>60 min;no;mixed;27.5;63.3;41.9;40.6;e
133;14;other;Swasta;2.6;80.3;yes;30-60 min;yes;group study;49.8;39.9;35.2;43.3;e
134;17;Male;Swasta;6.1;57.4;yes;15-30 min;no;group study;99.2;81.5;86.3;78.3;c
135;18;Female;Swasta;4.5;81.1;yes;<15 min;no;coaching;77.4;70.7;84.0;73.4;c
136;15;Female;Swasta;3.2;57.2;yes;15-30 min;yes;mixed;59.8;53.9;63.5;50.1;e
137;17;Male;Negeri;5.1;88.8;no;15-30 min;yes;textbook;72.8;80.9;87.6;81.6;c
138;14;other;Negeri;3.6;59.7;no;15-30 min;no;coaching;43.6;78.1;50.4;54.2;e
139;16;Female;Swasta;4.1;82.3;yes;>60 min;no;textbook;59.7;71.3;67.0;67.6;d
140;16;other;Negeri;5.6;79.1;yes;30-60 min;yes;mixed;88.7;76.9;76.4;85.7;b
141;19;Male;Swasta;3.9;71.3;yes;15-30 min;no;mixed;53.8;46.4;54.2;52.6;e
142;15;Female;Negeri;7.6;82.3;yes;<15 min;yes;group study;73.5;100.0;92.8;89.7;b
143;15;Male;Swasta;4.1;92.3;yes;30-60 min;yes;online videos;58.5;59.0;66.5;62.0;d
144;16;other;Swasta;7.7;56.0;yes;<15 min;no;mixed;79.1;91.3;92.0;78.7;c
145;19;Female;Swasta;6.9;83.8;no;30-60 min;no;group study;99.1;100.0;96.2;95.6;a
146;19;Male;Negeri;7.2;70.5;yes;15-30 min;yes;textbook;90.9;86.7;82.9;90.2;b
147;14;Male;Swasta;6.2;83.7;no;30-60 min;yes;mixed;93.3;78.5;82.8;84.5;c
148;15;Female;Swasta;5.0;93.8;yes;15-30 min;yes;coaching;58.1;77.1;74.9;71.7;c
149;18;Male;Negeri;4.5;82.6;yes;<15 min;yes;textbook;87.0;58.0;76.3;68.7;d
150;14;Male;Swasta;4.6;58.0;yes;15-30 min;no;group study;41.0;73.1;57.3;61.2;d
151;19;other;Negeri;2.0;70.8;yes;30-60 min;no;group study;47.8;30.8;32.8;36.9;f
152;15;other;Swasta;2.1;77.5;yes;30-60 min;no;group study;52.8;37.9;45.6;39.3;f
153;19;Female;Negeri;0.8;56.3;yes;>60 min;no;notes;12.8;26.2;14.7;22.6;f
154;15;other;Swasta;6.1;82.2;yes;<15 min;yes;mixed;100.0;91.6;92.1;87.5;b
155;16;Female;Swasta;1.4;85.7;yes;30-60 min;yes;mixed;45.4;37.1;55.7;46.8;e
156;17;Male;Swasta;4.9;88.1;yes;30-60 min;no;coaching;75.8;57.7;77.6;77.5;c
157;14;other;Swasta;1.5;56.0;yes;<15 min;no;coaching;35.6;20.4;33.1;26.5;f
158;17;Male;Swasta;1.0;85.3;no;15-30 min;no;mixed;39.8;41.5;27.9;38.4;f
159;17;other;Swasta;4.5;68.3;yes;<15 min;no;coaching;53.4;67.8;55.6;58.1;d
160;18;Female;Negeri;7.0;60.6;yes;<15 min;yes;group study;82.7;71.7;77.0;86.0;b
161;19;Male;Swasta;3.2;76.2;no;15-30 min;no;group study;51.0;48.2;54.2;48.9;e
162;17;Male;Negeri;7.4;78.6;yes;<15 min;no;online videos;80.1;69.3;61.2;86.0;b
163;16;other;Swasta;0.6;72.8;yes;30-60 min;yes;group study;43.3;13.9;45.8;37.8;f
164;16;other;Swasta;4.0;92.0;yes;<15 min;yes;textbook;67.0;93.9;65.3;71.9;c
165;16;Female;Swasta;1.6;57.8;no;<15 min;yes;coaching;39.0;38.4;35.6;43.4;e
166;18;Male;Negeri;2.9;70.4;yes;>60 min;no;group study;54.1;59.9;70.7;58.3;d
167;15;other;Negeri;0.7;63.4;yes;30-60 min;no;group study;18.0;45.5;36.2;37.8;f
168;15;other;Swasta;0.8;52.4;yes;15-30 min;no;notes;29.6;50.3;27.8;32.4;f
169;16;Female;Swasta;5.8;67.0;yes;>60 min;yes;textbook;70.4;64.0;69.2;66.2;d
170;14;Female;Negeri;5.4;85.9;yes;>60 min;no;group study;95.2;71.2;80.1;78.4;c
171;14;other;Negeri;2.1;76.2;no;<15 min;no;mixed;54.8;33.5;38.2;39.6;f
172;14;Female;Swasta;7.3;70.9;yes;15-30 min;yes;group study;86.9;84.2;97.3;86.7;b
173;18;Male;Swasta;5.7;73.7;yes;30-60 min;no;coaching;80.7;80.6;58.2;80.8;c
174;18;Male;Negeri;3.0;65.6;yes;<15 min;yes;online videos;43.7;50.5;39.8;50.5;e
175;18;Female;Negeri;3.6;56.1;yes;30-60 min;no;mixed;55.8;42.0;37.8;48.2;e
176;16;other;Swasta;2.7;79.5;yes;<15 min;no;notes;50.8;52.3;79.3;63.4;d
177;18;other;Negeri;6.7;90.8;yes;>60 min;no;group study;77.3;100.0;99.8;86.1;b
178;14;Female;Negeri;4.2;89.5;yes;15-30 min;yes;online videos;48.0;62.7;64.5;63.1;d
179;19;Male;Negeri;1.5;61.7;yes;30-60 min;no;textbook;35.8;28.0;36.3;36.9;f
180;17;Female;Swasta;2.0;71.7;yes;>60 min;yes;textbook;45.7;24.3;40.3;43.7;e
181;19;Male;Negeri;2.7;77.6;yes;30-60 min;yes;coaching;38.0;51.5;59.8;49.5;e
182;14;Female;Negeri;3.5;90.1;yes;30-60 min;yes;online videos;49.9;56.9;47.5;59.5;d
183;16;Female;Negeri;4.9;59.8;yes;>60 min;no;coaching;78.7;64.1;81.9;73.0;c
184;18;other;Swasta;7.7;56.6;yes;30-60 min;no;textbook;79.1;89.3;98.0;81.5;c
185;16;other;Swasta;2.5;96.6;yes;15-30 min;no;mixed;50.3;47.4;61.8;59.7;d
186;16;other;Negeri;3.0;57.3;no;15-30 min;yes;notes;32.5;39.6;41.6;38.6;f
187;14;Male;Swasta;0.7;99.5;yes;30-60 min;no;coaching;51.7;49.6;46.3;44.7;e
188;16;other;Swasta;3.3;79.9;yes;15-30 min;yes;mixed;64.3;47.5;54.3;58.4;d
189;15;Male;Swasta;5.6;74.9;yes;<15 min;no;notes;70.4;72.9;55.4;71.8;c
190;15;Female;Swasta;7.7;59.4;yes;30-60 min;no;group study;65.5;73.4;77.6;76.1;c
191;18;other;Negeri;6.1;93.0;yes;30-60 min;no;group study;73.9;92.3;80.2;86.6;b
192;17;other;Swasta;1.4;58.6;yes;30-60 min;no;online videos;7.6;32.8;16.7;25.5;f
193;17;Female;Swasta;7.2;70.1;yes;15-30 min;yes;textbook;71.1;55.2;78.0;80.1;c
194;16;Male;Swasta;6.8;52.4;yes;<15 min;no;mixed;90.4;88.5;91.3;84.1;c
195;19;Female;Swasta;1.9;51.1;yes;<15 min;yes;online videos;24.7;36.9;36.8;32.5;f
196;14;other;Swasta;7.5;86.5;yes;30-60 min;no;coaching;82.8;100.0;96.6;93.0;b
197;16;Female;Swasta;5.9;60.4;yes;<15 min;yes;mixed;62.6;78.9;78.5;71.9;c
198;14;Female;Swasta;6.4;80.0;yes;30-60 min;yes;coaching;86.3;92.6;94.7;90.7;b
199;16;Female;Negeri;3.9;86.2;yes;<15 min;yes;mixed;71.3;56.8;69.7;60.9;d
200;19;Female;Negeri;2.0;74.6;yes;15-30 min;no;coaching;45.7;43.3;65.7;54.9;e
201;16;Male;Negeri;6.5;82.8;yes;>60 min;yes;online videos;84.0;93.9;98.9;90.0;b
202;19;other;Swasta;4.1;62.1;yes;15-30 min;no;mixed;38.3;44.0;43.1;50.1;e
203;16;Male;Negeri;7.8;90.9;yes;15-30 min;no;mixed;100.0;92.8;100.0;100.0;a
204;18;other;Negeri;1.7;60.3;yes;>60 min;yes;notes;41.8;40.5;37.8;42.2;e
205;16;Male;Negeri;3.2;79.5;yes;<15 min;yes;mixed;45.8;63.5;50.2;59.9;d
206;15;Female;Swasta;6.0;91.8;yes;15-30 min;no;mixed;72.1;93.0;76.3;82.7;c
207;18;Female;Swasta;4.8;89.7;yes;15-30 min;no;mixed;84.1;82.3;71.1;80.2;c
208;19;Female;Negeri;3.7;52.6;yes;15-30 min;yes;mixed;68.6;60.5;66.4;57.8;d
209;15;Female;Swasta;5.8;68.4;yes;>60 min;yes;coaching;58.9;61.4;67.7;65.2;d
210;18;other;Negeri;6.0;92.6;yes;>60 min;yes;notes;89.1;77.9;93.2;82.5;c
211;15;Male;Negeri;4.8;92.5;yes;<15 min;yes;notes;79.9;73.5;86.9;76.2;c
212;18;other;Swasta;2.9;81.8;yes;>60 min;yes;group study;84.3;67.5;64.3;65.5;d
213;18;other;Negeri;5.1;55.4;no;<15 min;no;notes;52.9;50.8;69.7;62.8;d
214;16;other;Negeri;4.6;70.2;yes;<15 min;no;textbook;79.3;51.6;47.3;61.4;d
215;18;Male;Swasta;6.5;98.1;yes;30-60 min;yes;mixed;90.9;92.9;74.5;83.2;c
216;15;Male;Negeri;5.4;55.3;yes;15-30 min;yes;mixed;58.4;68.2;52.9;67.5;d
217;14;Female;Swasta;4.2;90.1;yes;<15 min;no;notes;82.4;48.1;66.6;75.7;c
218;14;Male;Negeri;0.6;70.9;yes;<15 min;no;textbook;35.3;47.9;35.1;43.0;e
219;16;other;Swasta;1.8;87.2;no;30-60 min;no;textbook;54.4;52.6;46.8;52.1;e
220;19;other;Swasta;3.0;52.7;yes;15-30 min;no;textbook;53.2;49.2;42.7;47.3;e
221;14;Female;Swasta;5.0;50.5;yes;15-30 min;no;mixed;55.3;61.3;54.4;61.5;d
222;16;other;Negeri;6.4;65.0;yes;15-30 min;yes;notes;100.0;99.3;71.5;82.4;c
223;18;Male;Swasta;7.7;93.5;yes;<15 min;no;notes;99.0;98.9;100.0;99.1;a
224;15;other;Negeri;5.0;84.0;yes;>60 min;no;coaching;69.6;45.8;67.5;69.1;d
225;18;Male;Swasta;6.0;80.6;yes;15-30 min;yes;textbook;85.5;91.5;82.8;77.4;c
226;15;other;Swasta;5.2;99.9;yes;>60 min;yes;online videos;93.0;95.9;78.3;85.6;b
227;18;Female;Swasta;3.7;67.4;yes;30-60 min;no;group study;72.0;56.3;52.6;63.1;d
228;17;Female;Swasta;5.1;92.5;no;<15 min;no;notes;87.3;74.9;90.4;80.2;c
229;17;Male;Swasta;3.5;55.5;no;15-30 min;no;textbook;76.3;64.3;66.4;54.8;e
230;15;Female;Negeri;3.9;58.5;yes;>60 min;yes;mixed;47.1;71.6;47.1;44.6;e
231;16;other;Swasta;7.3;73.9;yes;<15 min;no;mixed;99.2;100.0;96.2;97.2;a
232;19;other;Swasta;4.7;98.0;yes;<15 min;no;group study;83.9;63.3;86.5;70.5;c
233;14;Female;Negeri;1.3;85.2;yes;30-60 min;yes;textbook;39.8;46.2;50.7;39.7;f
234;18;Male;Negeri;4.4;55.6;yes;15-30 min;no;textbook;41.0;45.5;50.3;52.6;e
235;16;Female;Swasta;7.6;97.7;yes;30-60 min;yes;mixed;90.5;87.7;85.7;95.5;a
236;18;other;Swasta;1.3;88.3;yes;>60 min;no;mixed;34.5;37.6;53.8;39.4;f
237;17;Male;Swasta;7.8;86.8;no;30-60 min;no;notes;100.0;95.5;63.0;87.6;b
238;16;other;Negeri;7.9;77.6;yes;15-30 min;no;coaching;92.3;100.0;99.0;100.0;a
239;15;other;Negeri;4.7;69.7;yes;>60 min;no;coaching;51.8;50.2;59.2;63.7;d
240;17;other;Negeri;3.0;55.5;yes;<15 min;yes;group study;47.9;32.7;32.3;39.2;f
241;14;Female;Negeri;0.6;81.0;yes;>60 min;no;online videos;56.6;19.4;28.1;36.1;f
242;17;Male;Negeri;0.6;56.4;yes;<15 min;yes;mixed;14.4;39.3;27.5;28.6;f
243;14;Male;Negeri;3.4;79.5;no;<15 min;no;online videos;85.1;67.8;74.7;64.0;d
244;17;other;Swasta;6.4;77.0;yes;15-30 min;no;notes;72.7;86.0;73.9;82.2;c
245;17;Female;Negeri;7.6;79.8;no;<15 min;yes;mixed;77.5;95.8;100.0;95.8;a
246;14;Male;Negeri;1.7;91.3;yes;>60 min;yes;coaching;29.1;46.6;40.8;44.0;e
247;18;other;Negeri;4.2;70.6;yes;30-60 min;no;notes;69.7;71.9;55.9;69.1;d
248;16;Male;Swasta;4.3;71.8;yes;<15 min;no;online videos;66.0;73.7;62.2;70.3;c
249;18;other;Swasta;3.4;53.0;yes;30-60 min;no;coaching;39.1;31.6;34.5;40.0;e
250;14;Female;Negeri;4.5;64.4;yes;<15 min;no;notes;53.7;68.1;54.1;59.2;d
251;15;Female;Swasta;7.4;54.1;yes;30-60 min;no;online videos;74.3;99.7;76.5;87.5;b
252;16;Male;Swasta;3.8;57.1;yes;>60 min;yes;group study;55.5;51.3;55.0;48.8;e
253;15;Male;Negeri;1.5;71.3;yes;<15 min;yes;notes;27.0;30.2;38.5;32.5;f
254;15;other;Swasta;5.5;70.4;no;15-30 min;yes;notes;74.5;82.2;61.5;63.2;d
255;17;Female;Swasta;0.7;96.8;yes;30-60 min;no;textbook;45.0;45.6;26.8;38.2;f
256;14;other;Negeri;7.6;56.0;yes;>60 min;no;group study;74.0;61.4;71.1;77.6;c
257;18;other;Swasta;7.5;57.5;no;30-60 min;no;coaching;82.6;94.5;88.1;87.9;b
258;14;Male;Negeri;1.2;87.5;yes;15-30 min;yes;mixed;13.5;46.3;21.7;34.9;f
259;15;Female;Negeri;4.6;51.1;yes;<15 min;yes;textbook;66.7;56.7;45.3;58.4;d
260;17;other;Negeri;6.5;82.5;yes;30-60 min;no;group study;95.2;80.5;90.3;93.4;b
261;18;Female;Negeri;4.0;87.4;yes;15-30 min;yes;group study;80.5;88.2;60.3;75.8;c
262;15;Female;Swasta;4.1;81.4;yes;>60 min;no;textbook;58.2;70.5;74.0;67.4;d
263;15;Female;Swasta;7.8;64.4;no;30-60 min;no;coaching;86.2;98.5;87.4;86.1;b
264;19;other;Negeri;2.2;55.2;yes;>60 min;no;group study;23.7;38.5;49.4;36.2;f
265;19;other;Negeri;4.4;99.7;yes;30-60 min;no;online videos;65.3;58.8;63.1;75.7;c
266;17;other;Swasta;1.4;93.0;yes;<15 min;no;group study;68.4;62.7;48.3;55.3;d
267;16;Female;Swasta;2.8;86.5;yes;<15 min;no;coaching;48.2;58.7;59.4;51.8;e
268;16;Female;Swasta;6.9;59.4;yes;30-60 min;yes;online videos;71.0;63.0;80.2;72.6;c
269;17;Female;Swasta;5.9;71.5;no;<15 min;no;textbook;54.6;94.8;53.4;69.4;d
270;17;Male;Swasta;5.1;85.5;yes;15-30 min;yes;mixed;65.1;65.8;90.1;74.9;c
271;15;other;Negeri;1.4;55.1;yes;30-60 min;no;group study;18.7;23.0;22.3;30.2;f
272;14;Male;Swasta;6.9;97.9;yes;<15 min;no;group study;96.9;100.0;100.0;100.0;a
273;14;other;Swasta;2.7;97.8;yes;<15 min;no;online videos;52.3;45.4;56.2;58.8;d
274;19;Female;Negeri;4.5;57.5;yes;<15 min;yes;textbook;58.8;61.4;71.0;62.3;d
275;16;other;Swasta;2.3;59.9;yes;15-30 min;no;online videos;54.4;42.4;28.0;49.2;e
276;16;other;Negeri;4.4;68.2;yes;30-60 min;no;online videos;83.2;68.8;100.0;69.0;d
277;16;Female;Negeri;4.7;72.5;yes;15-30 min;no;mixed;64.8;50.3;60.1;60.3;d
278;18;Female;Swasta;3.1;72.0;yes;<15 min;yes;notes;47.6;78.2;71.2;58.1;d
279;14;Female;Negeri;4.3;84.4;yes;30-60 min;no;textbook;57.5;61.8;71.5;70.7;c
280;14;Female;Negeri;3.5;73.5;yes;>60 min;yes;textbook;46.4;64.0;60.3;56.5;d
281;15;Male;Swasta;5.7;59.2;yes;<15 min;no;online videos;77.3;61.5;85.9;75.9;c
282;16;Male;Swasta;4.6;63.1;yes;<15 min;no;online videos;69.4;57.6;76.9;59.3;d
283;18;other;Swasta;7.1;70.6;yes;<15 min;no;textbook;85.8;89.6;76.3;76.3;c
284;16;other;Swasta;0.9;76.0;yes;15-30 min;yes;mixed;48.7;29.6;44.1;28.0;f
285;16;Male;Swasta;0.7;96.2;yes;<15 min;yes;notes;45.7;60.1;47.1;46.8;e
286;19;Male;Negeri;1.9;54.8;yes;30-60 min;no;mixed;31.0;34.5;42.5;36.4;f
287;14;Female;Negeri;1.4;90.2;yes;30-60 min;no;notes;52.0;59.2;54.9;52.6;e
288;17;other;Negeri;4.4;65.5;yes;30-60 min;yes;textbook;51.0;71.4;71.4;69.3;d
289;17;other;Negeri;2.0;86.4;no;<15 min;yes;online videos;53.0;43.5;51.0;53.1;e
290;16;other;Negeri;0.6;62.9;yes;15-30 min;yes;group study;27.4;42.7;27.9;31.0;f
291;18;Male;Negeri;2.6;69.3;yes;30-60 min;no;coaching;30.1;34.0;40.5;42.2;e
292;15;Male;Negeri;4.3;72.2;no;30-60 min;yes;textbook;77.4;69.3;74.3;64.6;d
293;19;Female;Negeri;5.9;87.5;no;>60 min;yes;group study;74.9;80.7;94.4;82.4;c
294;15;Male;Swasta;3.8;58.3;yes;<15 min;no;mixed;50.9;59.1;36.1;55.9;d
295;17;Female;Negeri;7.7;67.3;yes;>60 min;no;online videos;72.7;88.8;84.2;88.3;b
296;17;Female;Swasta;2.0;76.4;yes;15-30 min;no;coaching;49.5;68.7;30.6;48.0;e
297;19;other;Negeri;4.4;82.9;yes;15-30 min;yes;notes;92.9;80.7;75.3;73.4;c
298;16;Male;Negeri;2.4;53.8;yes;>60 min;yes;notes;50.5;44.9;35.6;48.5;e
299;15;other;Negeri;6.6;54.7;yes;15-30 min;no;textbook;86.0;73.1;62.7;75.1;c
300;14;other;Swasta;1.9;85.9;yes;>60 min;no;notes;50.1;56.8;53.5;56.7;d
301;16;other;Swasta;7.7;68.3;yes;30-60 min;yes;mixed;97.5;86.9;75.7;90.9;b
302;18;other;Negeri;5.9;58.3;yes;15-30 min;no;notes;60.0;54.9;73.2;67.6;d
303;14;other;Negeri;4.7;63.2;yes;15-30 min;no;textbook;49.6;80.9;62.2;60.2;d
304;19;Male;Swasta;4.5;79.9;no;>60 min;yes;textbook;77.5;82.6;65.9;73.2;c
305;17;Female;Negeri;3.2;97.7;yes;>60 min;no;mixed;78.4;57.8;69.0;64.3;d
306;14;Female;Swasta;0.7;86.6;yes;>60 min;yes;group study;37.1;48.0;41.5;45.8;e
307;15;other;Swasta;7.4;89.9;yes;>60 min;no;mixed;99.7;100.0;97.4;96.6;a
308;17;Male;Negeri;6.5;80.4;yes;15-30 min;no;group study;55.3;70.7;100.0;75.0;c
309;15;Female;Swasta;1.5;68.6;yes;>60 min;yes;mixed;28.2;21.1;36.6;39.1;f
310;14;Male;Swasta;1.4;98.1;yes;>60 min;no;textbook;76.3;42.1;51.3;50.3;e
311;17;Male;Swasta;2.8;54.1;no;>60 min;yes;group study;43.4;36.5;55.7;48.2;e
312;18;other;Swasta;6.2;90.4;no;15-30 min;no;textbook;85.3;91.1;100.0;91.6;b
313;14;Male;Negeri;4.3;62.9;yes;30-60 min;yes;coaching;58.2;38.9;45.7;51.9;e
314;15;other;Negeri;5.4;80.4;yes;>60 min;no;coaching;67.0;86.2;73.8;77.7;c
315;15;other;Swasta;0.5;99.1;yes;15-30 min;yes;group study;53.7;49.6;53.2;47.6;e
316;17;other;Negeri;7.4;92.1;yes;30-60 min;yes;online videos;100.0;100.0;95.4;100.0;a
317;18;Male;Negeri;1.7;92.5;yes;>60 min;yes;textbook;47.1;56.5;53.0;50.5;e
318;18;Male;Swasta;2.9;91.2;yes;<15 min;no;coaching;65.0;39.6;70.0;50.5;e
319;19;Female;Negeri;7.6;72.7;yes;30-60 min;no;coaching;65.5;59.2;78.9;81.4;c
320;18;Female;Negeri;6.0;69.7;yes;<15 min;yes;notes;70.7;82.9;69.9;74.5;c
321;15;other;Swasta;4.3;75.9;yes;>60 min;yes;notes;82.4;62.1;87.3;69.2;d
322;14;Female;Negeri;7.0;64.3;yes;15-30 min;no;textbook;100.0;97.6;86.0;90.7;b
323;17;Male;Swasta;1.0;73.9;yes;30-60 min;yes;coaching;30.4;33.8;38.1;35.1;f
324;19;other;Negeri;1.1;56.3;yes;<15 min;no;online videos;27.3;36.1;15.1;34.1;f
325;19;other;Negeri;1.7;94.6;yes;<15 min;no;group study;58.1;65.2;62.3;55.8;d
326;15;Female;Swasta;2.5;86.8;yes;>60 min;yes;mixed;26.4;38.4;48.7;46.2;e
327;15;other;Negeri;5.8;53.1;yes;>60 min;yes;group study;68.2;60.8;53.2;68.1;d
328;14;other;Negeri;4.5;83.0;yes;15-30 min;yes;coaching;63.5;74.2;60.4;60.8;d
329;14;Female;Negeri;3.7;87.9;yes;30-60 min;yes;notes;56.4;73.4;73.7;64.1;d
330;17;Male;Swasta;6.4;93.1;yes;<15 min;yes;coaching;95.9;100.0;90.5;96.0;a
331;17;Female;Negeri;2.9;66.5;yes;<15 min;no;online videos;55.8;42.3;50.6;55.8;d
332;16;Female;Negeri;1.1;81.5;no;30-60 min;yes;mixed;30.2;43.0;56.8;45.1;e
333;15;other;Negeri;3.5;63.8;no;<15 min;no;textbook;60.9;51.2;61.0;61.6;d
334;18;other;Negeri;6.2;92.4;yes;30-60 min;yes;group study;68.4;76.2;89.4;82.6;c
335;16;Female;Negeri;4.1;93.8;no;30-60 min;yes;textbook;62.8;61.3;81.9;69.4;d
336;18;Female;Swasta;7.8;53.8;no;<15 min;yes;coaching;74.4;69.1;71.1;79.6;c
337;19;Female;Negeri;6.9;64.3;yes;30-60 min;yes;online videos;92.7;77.4;69.6;77.6;c
338;15;Female;Negeri;6.4;55.1;yes;<15 min;yes;mixed;85.0;67.5;80.0;76.4;c
339;15;Female;Negeri;6.3;69.9;yes;15-30 min;no;mixed;97.2;77.2;73.8;81.9;c
340;19;Female;Swasta;4.9;50.3;no;30-60 min;no;mixed;45.7;43.3;51.7;51.8;e
341;17;Female;Negeri;7.3;89.1;yes;15-30 min;no;textbook;97.1;100.0;100.0;100.0;a
342;15;other;Negeri;4.9;71.6;yes;<15 min;yes;online videos;65.5;65.2;70.4;62.9;d
343;17;Male;Swasta;3.3;76.7;yes;30-60 min;yes;online videos;52.9;56.9;48.7;51.9;e
344;17;Male;Swasta;2.0;87.1;no;<15 min;yes;textbook;59.1;46.6;65.7;47.9;e
345;19;other;Swasta;6.6;85.6;yes;>60 min;no;textbook;91.5;84.4;100.0;84.7;c
346;15;other;Negeri;3.3;65.7;yes;>60 min;yes;group study;65.0;58.1;47.6;55.8;d
347;19;Female;Negeri;6.4;89.1;yes;>60 min;no;mixed;87.8;100.0;100.0;90.6;b
348;19;Female;Swasta;7.9;82.0;yes;15-30 min;no;textbook;100.0;100.0;93.9;99.6;a
349;15;Female;Swasta;3.5;60.9;yes;<15 min;yes;online videos;48.2;54.1;38.2;53.1;e
350;14;Female;Negeri;3.1;51.5;yes;>60 min;no;online videos;64.0;30.7;41.0;40.1;e
351;17;Male;Swasta;1.8;87.8;yes;30-60 min;no;group study;41.3;51.2;49.3;44.4;e
352;14;Female;Swasta;4.1;58.3;yes;15-30 min;yes;notes;66.5;60.4;59.6;65.1;d
353;15;Male;Swasta;5.4;55.6;yes;<15 min;yes;notes;66.6;54.5;56.5;58.9;d
354;16;Male;Negeri;2.8;71.0;yes;>60 min;no;mixed;73.9;48.0;57.2;49.9;e
355;19;Female;Swasta;4.1;96.1;no;15-30 min;yes;coaching;88.3;79.0;60.4;77.6;c
356;19;other;Negeri;4.5;85.9;yes;15-30 min;no;mixed;62.3;80.5;69.6;70.8;c
357;14;Male;Negeri;2.6;89.9;yes;>60 min;no;coaching;76.6;56.0;53.7;65.9;d
358;19;other;Swasta;0.7;63.5;yes;30-60 min;yes;mixed;24.5;45.8;35.5;40.4;e
359;14;Female;Negeri;2.1;91.8;no;15-30 min;yes;mixed;55.1;57.3;76.4;60.3;d
360;18;other;Negeri;6.5;70.8;no;>60 min;yes;group study;70.7;100.0;81.5;78.5;c
361;19;Female;Negeri;2.6;99.0;yes;15-30 min;no;textbook;63.3;66.1;91.2;67.5;d
362;19;other;Negeri;0.6;78.5;yes;15-30 min;no;notes;47.8;50.8;34.7;40.0;e
363;15;Female;Negeri;3.7;80.3;yes;<15 min;no;notes;80.4;86.9;81.8;69.4;d
364;19;other;Swasta;5.6;95.8;yes;<15 min;no;coaching;90.7;68.2;87.4;78.2;c
365;14;Female;Swasta;6.1;97.4;yes;<15 min;no;online videos;74.6;79.5;62.7;79.7;c
366;17;Female;Swasta;3.6;50.9;yes;15-30 min;no;group study;35.7;55.2;44.2;50.2;e
367;16;Female;Swasta;4.8;61.6;yes;>60 min;yes;online videos;67.2;53.4;76.5;62.3;d
368;15;other;Swasta;6.1;80.7;yes;>60 min;yes;textbook;85.1;78.8;87.3;82.9;c
369;14;other;Negeri;7.2;50.2;yes;<15 min;yes;coaching;67.1;82.3;77.3;85.1;b
370;18;Male;Swasta;5.3;65.9;yes;30-60 min;yes;textbook;71.9;83.5;58.9;75.5;c
371;16;other;Swasta;5.7;59.8;yes;15-30 min;no;online videos;50.7;77.3;42.1;61.0;d
372;17;other;Negeri;1.2;76.2;yes;>60 min;yes;textbook;11.7;31.3;41.9;33.1;f
373;16;other;Negeri;3.7;79.9;no;15-30 min;no;notes;66.8;55.7;53.7;65.3;d
374;16;Female;Negeri;7.2;59.5;yes;15-30 min;yes;online videos;75.7;100.0;98.7;82.2;c
375;19;Female;Swasta;1.7;76.8;yes;30-60 min;no;group study;31.5;43.5;47.9;37.8;f
376;14;other;Swasta;2.8;69.8;yes;<15 min;no;notes;41.5;48.7;14.4;40.8;e
377;18;Female;Swasta;5.6;99.5;yes;15-30 min;yes;coaching;61.0;63.7;85.1;80.5;c
378;18;Female;Negeri;7.3;53.3;yes;<15 min;yes;group study;63.6;58.7;67.7;74.8;c
379;16;Female;Swasta;0.9;92.0;no;15-30 min;yes;textbook;38.7;32.7;35.0;36.3;f
380;15;Female;Negeri;7.0;100.0;yes;<15 min;no;mixed;100.0;100.0;100.0;100.0;a
381;14;Male;Negeri;2.2;77.1;yes;>60 min;no;notes;70.5;57.3;54.6;57.0;d
382;19;Male;Negeri;7.0;84.0;yes;15-30 min;no;online videos;85.2;77.0;86.5;83.1;c
383;19;Male;Negeri;7.2;56.4;yes;15-30 min;no;group study;89.5;72.6;71.4;83.7;c
384;15;Female;Negeri;6.3;67.5;yes;15-30 min;no;group study;83.8;91.4;91.5;82.9;c
385;14;Female;Swasta;7.4;59.1;yes;15-30 min;no;mixed;91.7;88.2;66.9;83.0;c
386;14;Female;Negeri;7.7;79.2;yes;<15 min;no;notes;81.9;87.0;90.2;93.4;b
387;14;other;Swasta;7.4;97.1;yes;30-60 min;no;textbook;86.6;92.9;90.5;93.7;b
388;18;Male;Negeri;4.3;51.5;yes;<15 min;no;online videos;58.1;50.9;74.3;59.2;d
389;19;Female;Swasta;4.0;74.7;yes;<15 min;no;notes;51.9;43.5;40.9;52.0;e
390;14;Male;Swasta;1.3;86.2;yes;30-60 min;yes;group study;33.2;47.7;49.0;45.7;e
391;18;Male;Swasta;2.1;71.5;no;15-30 min;yes;notes;27.5;63.8;50.8;43.5;e
392;15;Female;Swasta;5.4;76.9;yes;30-60 min;no;textbook;71.6;83.8;88.4;80.8;c
393;16;Male;Swasta;1.5;72.6;yes;<15 min;no;group study;40.5;53.8;45.1;47.9;e
394;17;Male;Swasta;7.6;79.9;yes;>60 min;no;coaching;97.5;91.6;100.0;94.3;b
395;18;other;Negeri;2.2;53.4;yes;30-60 min;no;group study;14.0;32.5;49.1;34.9;f
396;19;other;Negeri;1.2;77.3;yes;15-30 min;no;notes;65.3;48.5;34.6;42.4;e
397;14;Male;Negeri;2.3;75.6;yes;>60 min;no;coaching;41.5;52.7;46.8;50.4;e
398;15;Male;Negeri;0.9;59.1;yes;30-60 min;yes;coaching;15.7;37.5;32.7;32.1;f
399;15;Male;Negeri;1.7;76.7;yes;>60 min;no;group study;30.1;32.0;35.4;43.8;e
400;15;Female;Swasta;4.9;73.2;yes;30-60 min;yes;notes;60.0;60.3;77.5;61.5;d
401;19;other;Negeri;2.7;79.7;yes;30-60 min;no;online videos;45.4;54.9;52.5;55.0;e
402;18;Male;Negeri;6.5;78.2;yes;>60 min;yes;coaching;78.6;86.6;78.4;80.6;c
403;15;Male;Swasta;3.5;70.2;yes;>60 min;yes;notes;51.9;59.7;46.0;56.1;d
404;19;Female;Negeri;5.9;89.1;no;30-60 min;yes;notes;89.1;81.1;92.8;88.2;b
405;16;other;Swasta;5.8;67.9;yes;15-30 min;no;textbook;74.9;87.5;83.6;76.2;c
406;17;Female;Swasta;1.5;73.7;yes;<15 min;yes;online videos;52.6;62.2;36.5;48.6;e
407;16;other;Swasta;0.9;71.3;yes;<15 min;yes;mixed;48.3;26.2;38.3;31.9;f
408;14;Female;Swasta;6.8;74.3;no;15-30 min;no;notes;77.4;71.8;89.9;81.6;c
409;19;Male;Negeri;5.8;90.0;yes;15-30 min;no;coaching;69.3;73.0;83.0;79.9;c
410;14;Female;Negeri;1.8;85.5;yes;30-60 min;yes;textbook;50.1;34.4;31.9;41.0;e
411;15;other;Swasta;5.6;52.1;yes;<15 min;yes;group study;62.1;58.2;55.2;58.3;d
412;15;Female;Swasta;3.0;74.7;yes;>60 min;yes;coaching;60.0;71.7;45.2;61.2;d
413;15;Male;Negeri;0.9;56.2;yes;>60 min;yes;group study;40.0;37.3;24.3;38.3;f
414;14;Male;Swasta;2.2;86.5;yes;<15 min;yes;textbook;39.3;56.9;53.2;44.9;e
415;14;Female;Negeri;6.2;99.3;yes;>60 min;no;online videos;94.2;97.4;95.1;80.8;c
416;18;Female;Swasta;3.4;80.9;yes;30-60 min;no;mixed;64.4;65.3;51.6;55.1;d
417;19;Female;Swasta;4.6;69.0;yes;<15 min;no;notes;72.9;80.2;76.2;70.4;c
418;14;Female;Negeri;1.5;53.6;no;<15 min;yes;notes;34.3;46.6;31.7;37.6;f
419;15;Female;Swasta;1.2;66.6;yes;30-60 min;no;textbook;28.2;46.6;45.0;45.9;e
420;17;Female;Swasta;2.3;76.3;yes;>60 min;no;online videos;66.5;47.9;62.9;58.8;d
421;19;Male;Negeri;4.0;94.0;yes;30-60 min;yes;mixed;66.7;77.4;71.0;65.9;d
422;18;Female;Swasta;6.9;75.6;yes;>60 min;yes;online videos;90.1;89.0;76.0;80.4;c
423;18;Female;Negeri;6.2;99.2;yes;15-30 min;yes;online videos;67.3;67.6;89.8;81.6;c
424;17;other;Negeri;1.7;68.5;yes;>60 min;no;group study;39.7;39.4;29.3;41.3;e
425;16;other;Swasta;1.0;50.0;yes;>60 min;yes;textbook;32.0;34.4;49.2;34.5;f
426;15;Female;Swasta;2.2;81.4;yes;>60 min;yes;online videos;36.0;50.8;46.0;54.8;e
427;19;Male;Negeri;6.9;61.0;yes;<15 min;yes;notes;58.8;83.5;79.5;73.9;c
428;18;Male;Swasta;4.4;62.2;no;>60 min;no;textbook;60.8;66.3;42.9;58.1;d
429;14;Male;Negeri;6.6;50.9;yes;30-60 min;no;online videos;100.0;86.2;67.1;79.1;c
430;18;Male;Negeri;3.3;76.6;yes;15-30 min;yes;group study;66.8;52.0;37.1;54.0;e
431;14;other;Negeri;4.9;62.4;no;>60 min;no;online videos;42.2;53.0;47.2;60.4;d
432;18;Male;Negeri;5.0;99.7;yes;30-60 min;yes;group study;87.3;98.0;97.2;85.4;b
433;18;Male;Swasta;5.2;91.8;yes;15-30 min;yes;notes;69.8;68.0;73.5;76.9;c
434;14;Female;Negeri;4.0;86.1;yes;<15 min;yes;notes;63.2;42.4;62.8;56.7;d
435;16;Male;Negeri;2.3;67.7;yes;>60 min;no;coaching;53.8;50.8;58.3;52.6;e
436;14;other;Swasta;3.7;53.6;no;15-30 min;no;group study;52.9;57.7;65.6;59.2;d
437;17;other;Swasta;7.8;83.4;yes;30-60 min;no;online videos;100.0;100.0;100.0;100.0;a
438;19;other;Negeri;2.5;51.1;yes;<15 min;yes;textbook;41.1;48.8;38.2;40.5;e
439;14;Female;Swasta;5.9;72.1;yes;15-30 min;no;textbook;84.2;91.1;77.6;81.7;c
440;16;Female;Swasta;7.6;52.6;yes;30-60 min;yes;textbook;86.6;93.4;71.9;86.6;b
441;19;Female;Swasta;4.7;78.0;yes;15-30 min;no;group study;67.9;62.6;68.7;67.8;d
442;15;Male;Negeri;4.2;78.0;no;<15 min;no;group study;62.7;62.6;61.2;61.8;d
443;14;Female;Negeri;1.4;76.5;yes;15-30 min;no;online videos;64.0;50.6;40.5;50.8;e
444;16;other;Swasta;6.1;85.7;yes;>60 min;no;mixed;90.8;97.4;75.1;81.9;c
445;17;Male;Swasta;7.3;61.4;no;>60 min;yes;online videos;87.5;66.0;67.6;75.7;c
446;17;Male;Swasta;7.9;62.1;yes;>60 min;no;textbook;60.3;75.5;67.8;80.6;c
447;15;Female;Swasta;2.0;70.8;yes;15-30 min;yes;group study;46.2;60.9;57.2;41.9;e
448;19;Female;Swasta;7.4;85.1;yes;>60 min;yes;group study;81.0;100.0;97.5;91.5;b
449;17;other;Negeri;3.3;55.8;no;>60 min;no;textbook;43.2;41.8;56.8;41.3;e
450;15;other;Swasta;5.1;94.3;yes;<15 min;no;notes;89.3;75.7;86.4;77.5;c
451;19;other;Negeri;2.2;62.6;yes;15-30 min;no;group study;26.2;46.3;48.2;37.0;f
452;19;Female;Negeri;2.4;56.4;yes;>60 min;no;group study;52.3;60.7;32.5;50.0;e
453;16;other;Swasta;5.1;79.9;yes;<15 min;yes;notes;69.8;75.3;68.6;75.3;c
454;14;Male;Negeri;4.1;63.8;yes;15-30 min;no;online videos;66.8;76.3;68.3;56.7;d
455;17;Female;Swasta;7.7;70.4;no;>60 min;no;group study;96.0;92.5;100.0;93.9;b
456;17;Male;Swasta;2.5;53.1;yes;<15 min;yes;group study;46.3;51.4;58.3;49.5;e
457;14;other;Swasta;7.1;73.2;yes;30-60 min;no;textbook;74.4;92.0;67.4;76.9;c
458;17;Female;Negeri;4.0;65.2;no;>60 min;yes;group study;64.7;60.5;67.8;61.8;d
459;19;Female;Negeri;1.5;58.5;yes;15-30 min;yes;coaching;49.8;50.7;19.9;32.5;f
460;14;Male;Swasta;2.3;69.3;no;<15 min;yes;mixed;51.1;56.3;47.1;48.5;e
461;18;other;Negeri;6.2;88.5;yes;<15 min;yes;online videos;91.9;80.9;92.0;86.9;b
462;14;Female;Swasta;6.7;88.2;yes;>60 min;no;mixed;90.3;95.5;70.5;80.6;c
463;18;other;Swasta;0.8;68.0;yes;<15 min;no;group study;35.2;32.1;38.0;36.9;f
464;16;Female;Swasta;3.6;98.7;yes;>60 min;no;textbook;52.0;50.5;59.0;61.9;d
465;14;Male;Negeri;4.2;56.3;yes;30-60 min;yes;online videos;63.5;62.6;59.7;62.3;d
466;19;Female;Negeri;5.1;92.7;yes;30-60 min;no;mixed;81.0;65.9;67.9;71.9;c
467;14;Female;Negeri;5.4;98.9;yes;30-60 min;no;group study;79.1;77.4;69.5;79.9;c
468;17;Male;Swasta;6.7;78.6;yes;15-30 min;no;group study;81.0;87.0;82.8;91.4;b
469;15;Male;Swasta;2.6;53.0;yes;>60 min;no;online videos;43.7;28.4;39.7;36.9;f
470;19;other;Negeri;1.3;96.1;yes;>60 min;no;coaching;68.8;34.7;38.1;51.0;e
471;18;Female;Negeri;1.9;71.8;yes;30-60 min;yes;mixed;34.9;42.4;28.9;34.3;f
472;18;Female;Swasta;7.5;58.6;yes;30-60 min;no;mixed;67.0;81.2;77.8;75.0;c
473;16;Female;Swasta;4.6;94.6;yes;30-60 min;yes;notes;93.4;89.0;83.0;82.8;c
474;16;other;Swasta;2.1;71.3;yes;<15 min;yes;coaching;45.6;39.1;28.8;36.4;f
475;17;Male;Negeri;6.4;75.0;yes;15-30 min;yes;group study;82.1;67.5;80.9;76.2;c
476;18;Female;Swasta;4.9;78.6;yes;15-30 min;yes;textbook;79.9;81.6;82.8;77.4;c
477;19;Male;Negeri;3.3;95.3;yes;<15 min;no;coaching;67.8;60.0;73.6;66.0;d
478;14;Male;Swasta;0.6;75.2;no;15-30 min;no;coaching;45.8;23.0;28.6;30.2;f
479;17;Male;Negeri;6.4;94.4;yes;30-60 min;no;group study;91.1;64.3;95.8;83.8;c
480;14;Female;Negeri;5.9;58.5;yes;>60 min;no;notes;65.4;75.9;61.7;65.9;d
481;15;Female;Swasta;2.5;80.8;yes;30-60 min;yes;mixed;52.9;41.1;35.5;48.8;e
482;18;Female;Swasta;2.5;76.3;no;>60 min;yes;online videos;45.3;53.0;35.4;46.8;e
483;15;other;Swasta;2.5;66.3;yes;30-60 min;yes;coaching;43.8;32.5;46.9;45.8;e
484;18;Female;Swasta;5.5;60.6;no;30-60 min;yes;coaching;63.9;58.9;54.9;66.2;d
485;16;Female;Negeri;2.7;53.5;yes;30-60 min;no;textbook;55.8;60.2;57.9;48.6;e
486;15;other;Negeri;2.8;63.1;no;<15 min;yes;online videos;52.4;63.1;63.5;54.4;e
487;16;Female;Negeri;3.3;84.0;no;>60 min;yes;notes;60.2;73.2;75.4;60.6;d
488;17;other;Swasta;7.9;63.9;yes;30-60 min;yes;group study;81.6;74.8;84.4;79.3;c
489;18;Male;Negeri;4.0;86.4;yes;30-60 min;yes;textbook;76.1;57.7;51.8;68.2;d
490;17;other;Swasta;3.3;93.8;yes;15-30 min;no;coaching;73.7;65.6;60.1;61.1;d
491;19;other;Negeri;4.0;84.7;yes;>60 min;yes;online videos;53.8;44.3;58.7;60.0;d
492;19;Female;Swasta;5.9;90.3;yes;15-30 min;yes;textbook;88.9;77.4;87.9;83.4;c
493;18;Male;Negeri;7.1;78.7;yes;>60 min;no;online videos;100.0;90.7;97.2;98.2;a
494;17;Female;Swasta;7.9;97.3;no;>60 min;no;textbook;100.0;100.0;100.0;98.2;a
495;15;other;Swasta;4.1;88.1;yes;<15 min;no;mixed;43.1;53.7;57.5;60.2;d
496;16;Female;Negeri;4.0;66.1;no;>60 min;no;online videos;50.4;52.4;52.4;50.7;e
497;14;Male;Negeri;3.0;86.2;yes;>60 min;yes;mixed;56.9;41.9;56.8;54.9;e
498;16;Male;Swasta;6.3;83.6;yes;15-30 min;no;notes;98.3;95.9;86.1;85.3;b
499;19;Female;Swasta;5.4;87.6;yes;30-60 min;yes;notes;83.1;78.1;71.0;70.8;c
500;16;other;Negeri;3.2;66.0;yes;>60 min;yes;mixed;63.6;52.9;53.6;57.1;d
501;14;Female;Negeri;4.4;75.5;yes;30-60 min;no;textbook;98.3;84.3;74.7;74.2;c
502;17;other;Swasta;2.0;94.0;yes;<15 min;yes;group study;69.0;77.6;57.5;63.4;d
503;19;other;Swasta;5.7;98.8;yes;30-60 min;yes;notes;81.4;81.7;79.5;86.1;b
504;19;Male;Negeri;2.4;68.0;yes;<15 min;yes;textbook;48.0;49.6;30.4;38.4;f
505;15;Male;Swasta;3.1;74.3;yes;15-30 min;no;online videos;59.9;61.1;60.3;61.2;d
506;16;other;Swasta;1.0;66.5;yes;30-60 min;yes;group study;46.3;28.5;35.6;42.0;e
507;17;Female;Swasta;2.1;85.9;yes;30-60 min;no;mixed;37.8;50.7;30.7;46.9;e
508;15;other;Negeri;2.0;51.9;no;30-60 min;yes;group study;33.3;33.3;52.9;38.5;f
509;15;other;Swasta;6.0;97.7;yes;<15 min;yes;mixed;68.6;70.4;78.8;83.3;c
510;15;Female;Negeri;5.7;77.5;yes;30-60 min;no;online videos;80.6;82.6;74.1;80.3;c
511;19;Male;Negeri;4.5;63.5;yes;<15 min;yes;group study;60.1;70.5;59.9;66.6;d
512;18;other;Negeri;3.4;51.9;yes;<15 min;yes;coaching;67.7;64.6;37.9;44.8;e
513;19;Female;Negeri;7.2;78.0;yes;15-30 min;yes;mixed;91.6;77.8;72.7;79.2;c
514;18;Male;Swasta;7.1;79.3;yes;15-30 min;yes;group study;82.0;74.1;80.8;86.5;b
515;19;Female;Negeri;5.0;84.8;yes;<15 min;no;textbook;60.8;63.8;76.3;68.3;d
516;14;Male;Negeri;5.4;76.3;yes;30-60 min;yes;notes;65.2;82.6;69.0;72.1;c
517;19;Male;Negeri;6.5;75.8;yes;30-60 min;yes;textbook;84.0;100.0;100.0;92.0;b
518;14;Female;Negeri;5.9;65.2;yes;30-60 min;yes;online videos;54.6;72.8;74.2;63.9;d
519;16;Female;Swasta;2.2;59.7;yes;15-30 min;no;mixed;37.5;42.5;17.7;38.1;f
520;17;Female;Negeri;4.3;62.6;yes;15-30 min;yes;textbook;52.9;55.1;64.4;59.4;d
521;16;other;Negeri;1.6;68.7;yes;15-30 min;no;group study;29.5;34.8;30.1;39.9;f
522;14;Female;Negeri;6.6;88.7;no;30-60 min;yes;textbook;95.1;87.6;93.9;82.5;c
523;15;other;Negeri;5.4;55.9;no;30-60 min;no;online videos;65.5;73.2;66.1;71.0;c
524;18;other;Swasta;7.8;82.2;yes;30-60 min;no;online videos;85.5;75.6;86.4;91.1;b
525;15;other;Negeri;1.5;51.9;yes;15-30 min;yes;textbook;42.6;13.7;25.7;26.1;f
526;15;Male;Negeri;4.3;52.2;yes;30-60 min;no;online videos;81.0;60.0;68.4;62.4;d
527;19;other;Swasta;5.9;63.7;yes;15-30 min;yes;group study;87.8;79.3;65.5;78.7;c
528;14;Male;Negeri;7.0;67.9;yes;30-60 min;yes;notes;86.8;78.3;86.6;84.5;c
529;19;Female;Negeri;6.9;59.5;yes;30-60 min;yes;mixed;66.4;77.0;85.7;73.5;c
530;19;Female;Negeri;2.0;94.3;yes;15-30 min;no;group study;73.2;65.3;64.7;62.6;d
531;17;Male;Negeri;7.9;65.2;no;15-30 min;no;coaching;79.7;88.8;85.6;84.9;c
532;14;Male;Negeri;7.9;73.4;yes;15-30 min;no;group study;77.9;100.0;82.9;92.2;b
533;14;other;Negeri;7.8;99.7;yes;>60 min;yes;coaching;95.8;89.1;100.0;100.0;a
534;15;other;Negeri;5.1;62.7;yes;<15 min;no;notes;60.0;72.3;77.2;71.1;c
535;17;Male;Negeri;6.7;80.9;yes;>60 min;no;group study;77.5;87.7;87.1;85.6;b
536;14;Female;Negeri;1.1;87.3;yes;<15 min;no;mixed;56.8;49.8;44.7;42.8;e
537;16;Male;Swasta;2.4;63.6;yes;30-60 min;no;mixed;55.1;40.4;47.3;40.5;e
538;14;other;Negeri;1.2;52.9;yes;30-60 min;no;group study;29.6;28.1;38.4;36.6;f
539;17;other;Negeri;4.3;89.6;yes;30-60 min;yes;online videos;72.5;78.6;72.6;79.2;c
540;14;other;Negeri;7.7;64.5;yes;>60 min;yes;textbook;86.0;94.4;97.9;94.6;b
541;18;Female;Swasta;5.4;66.1;yes;>60 min;no;mixed;86.2;69.4;60.3;68.7;d
542;14;Male;Negeri;4.0;70.7;yes;>60 min;no;online videos;85.1;84.0;71.8;69.6;d
543;15;Male;Negeri;6.4;52.0;yes;30-60 min;yes;mixed;55.8;56.5;55.0;62.3;d
544;15;Male;Swasta;4.6;92.6;yes;30-60 min;no;textbook;81.2;72.8;95.2;70.2;c
545;18;other;Negeri;3.9;93.2;yes;30-60 min;yes;group study;76.9;55.8;88.4;74.3;c
546;14;Male;Negeri;5.2;93.6;yes;30-60 min;no;textbook;92.5;79.9;97.3;88.2;b
547;16;other;Negeri;4.3;59.1;no;30-60 min;yes;notes;73.7;62.3;71.0;67.4;d
548;17;other;Swasta;5.3;98.8;yes;>60 min;no;textbook;80.0;78.6;82.2;82.1;c
549;17;Male;Swasta;6.5;83.1;no;15-30 min;no;notes;91.3;100.0;78.2;94.3;b
550;18;other;Swasta;4.0;79.6;yes;>60 min;yes;group study;82.5;76.1;70.1;65.9;d
551;18;other;Swasta;3.6;86.1;yes;30-60 min;no;coaching;68.2;48.3;58.3;68.0;d
552;16;Female;Swasta;4.7;87.8;yes;>60 min;yes;online videos;77.8;71.5;68.7;73.7;c
553;18;Female;Negeri;7.3;70.8;yes;<15 min;yes;mixed;100.0;92.6;71.2;82.5;c
554;15;Male;Negeri;3.7;79.2;yes;<15 min;no;group study;60.3;57.4;33.1;54.9;e
555;19;Female;Negeri;6.9;79.3;yes;15-30 min;no;mixed;90.9;88.5;81.2;89.8;b
556;17;other;Swasta;5.1;50.4;yes;30-60 min;no;online videos;64.5;63.6;69.1;68.3;d
557;18;Female;Swasta;0.6;50.5;yes;>60 min;yes;textbook;20.3;0.0;1.0;27.3;f
558;19;Male;Swasta;4.1;73.5;yes;30-60 min;no;online videos;66.7;63.9;64.0;63.8;d
559;18;Female;Swasta;2.1;77.9;yes;<15 min;no;online videos;40.5;29.4;65.3;46.5;e
560;19;other;Swasta;1.6;85.4;yes;<15 min;no;mixed;41.6;42.2;39.6;44.4;e
561;17;Male;Swasta;2.3;87.6;yes;30-60 min;no;group study;44.1;74.7;70.2;62.0;d
562;14;other;Swasta;5.8;79.3;yes;15-30 min;yes;notes;74.1;75.6;61.6;69.5;d
563;16;Male;Swasta;5.2;64.2;yes;15-30 min;yes;textbook;60.8;59.6;96.2;68.7;d
564;15;Male;Negeri;4.5;81.0;yes;<15 min;yes;textbook;81.1;62.4;64.6;61.3;d
565;19;Female;Swasta;4.2;63.0;yes;30-60 min;yes;mixed;52.6;73.4;59.5;60.3;d
566;15;Female;Swasta;3.4;90.9;yes;15-30 min;yes;mixed;57.3;57.9;51.3;60.6;d
567;15;other;Negeri;7.1;71.2;yes;<15 min;no;textbook;76.9;81.6;75.0;77.2;c
568;15;Male;Swasta;7.5;94.7;yes;15-30 min;no;mixed;85.4;93.2;87.1;89.1;b
569;17;Male;Negeri;6.2;56.4;yes;<15 min;no;notes;60.5;79.5;74.9;78.1;c
570;17;Female;Negeri;2.7;85.3;yes;<15 min;no;coaching;47.5;43.1;32.0;46.6;e
571;19;other;Swasta;7.4;71.5;yes;30-60 min;yes;textbook;100.0;100.0;89.0;97.3;a
572;16;other;Negeri;6.6;56.4;yes;15-30 min;yes;online videos;69.0;87.3;80.3;71.8;c
573;15;Female;Negeri;1.4;78.0;yes;<15 min;yes;mixed;49.9;53.2;44.0;52.0;e
574;14;other;Swasta;3.1;60.6;yes;<15 min;yes;coaching;44.1;44.0;64.5;47.1;e
575;14;other;Negeri;3.0;64.6;no;<15 min;no;notes;47.8;60.5;72.7;55.7;d
576;16;other;Negeri;6.0;72.8;yes;>60 min;no;mixed;64.7;90.5;59.6;70.6;c
577;19;other;Swasta;4.4;68.2;yes;15-30 min;no;online videos;72.0;60.0;45.5;56.5;d
578;17;Female;Swasta;2.5;69.4;yes;<15 min;no;textbook;55.0;60.8;28.2;50.1;e
579;19;other;Negeri;2.2;69.9;yes;15-30 min;no;group study;63.1;46.4;79.9;54.5;e
580;14;Male;Negeri;3.9;50.8;no;30-60 min;yes;online videos;54.7;64.7;58.4;59.6;d
581;14;Female;Swasta;5.5;68.4;no;<15 min;no;coaching;86.5;92.5;73.9;76.6;c
582;19;other;Swasta;4.3;69.7;yes;15-30 min;no;notes;80.4;78.8;67.8;68.4;d
583;14;Male;Swasta;2.5;79.6;no;15-30 min;no;online videos;58.4;75.1;67.0;61.8;d
584;14;Female;Negeri;5.1;74.0;yes;15-30 min;yes;textbook;100.0;73.8;58.0;75.6;c
585;16;other;Swasta;8.0;58.6;yes;>60 min;yes;mixed;76.1;80.3;90.9;85.1;b
586;19;Male;Swasta;1.8;79.4;yes;15-30 min;yes;notes;31.4;53.2;55.3;42.7;e
587;18;other;Negeri;4.5;51.8;yes;<15 min;yes;mixed;49.0;49.9;59.3;56.7;d
588;14;Female;Swasta;3.3;66.7;yes;>60 min;no;group study;57.5;77.0;64.1;61.8;d
589;19;other;Negeri;2.1;81.0;yes;>60 min;no;group study;47.3;49.8;29.0;39.5;f
590;19;Female;Swasta;7.1;81.2;yes;30-60 min;no;textbook;91.2;100.0;100.0;97.7;a
591;18;Male;Swasta;7.7;59.0;no;>60 min;no;online videos;74.4;89.2;98.1;93.8;b
592;19;other;Negeri;3.1;67.0;yes;<15 min;yes;group study;38.7;34.7;35.4;44.1;e
593;15;Male;Swasta;3.1;72.9;no;30-60 min;no;group study;41.5;51.6;48.9;44.5;e
594;19;Male;Negeri;1.2;70.6;yes;>60 min;yes;group study;44.2;43.0;51.7;40.1;e
595;15;other;Swasta;5.1;84.3;yes;<15 min;yes;group study;41.0;56.6;51.7;65.9;d
596;18;other;Negeri;0.7;87.0;no;30-60 min;yes;textbook;41.9;53.3;57.8;45.0;e
597;17;Male;Swasta;4.2;52.0;yes;<15 min;no;online videos;51.2;69.4;51.6;51.6;e
598;18;Female;Negeri;1.6;87.3;yes;<15 min;no;notes;44.2;61.6;46.8;43.6;e
599;17;Male;Negeri;5.5;93.9;yes;30-60 min;yes;group study;84.0;76.0;67.7;76.7;c
600;17;Male;Swasta;7.5;95.7;yes;15-30 min;yes;mixed;90.7;87.6;79.0;100.0;a
601;17;other;Negeri;1.2;52.8;no;15-30 min;yes;coaching;38.2;33.3;43.2;39.5;f
602;18;Male;Negeri;6.3;94.2;yes;<15 min;yes;mixed;80.8;70.7;68.7;79.9;c
603;18;Female;Swasta;6.7;58.2;yes;15-30 min;no;coaching;66.7;61.8;53.0;69.4;d
604;14;other;Negeri;1.8;66.9;yes;30-60 min;no;mixed;49.9;48.2;35.1;45.7;e
605;18;other;Swasta;7.4;69.1;yes;15-30 min;yes;coaching;85.9;87.0;100.0;95.2;a
606;17;Female;Swasta;5.2;64.9;yes;15-30 min;no;notes;80.9;59.4;87.5;76.1;c
607;15;other;Swasta;4.5;64.7;no;>60 min;no;textbook;67.0;59.9;83.7;69.4;d
608;17;Female;Negeri;5.5;58.5;no;<15 min;yes;notes;73.1;80.2;77.8;65.3;d
609;19;Male;Negeri;2.7;83.0;yes;15-30 min;no;notes;56.7;52.5;37.0;45.1;e
610;19;Male;Negeri;0.7;79.0;no;30-60 min;no;notes;36.1;16.9;16.5;27.3;f
611;19;other;Swasta;3.8;80.7;yes;30-60 min;yes;notes;39.7;58.2;59.5;52.8;e
612;16;other;Swasta;6.1;76.1;yes;<15 min;no;mixed;73.0;79.6;84.3;79.4;c
613;18;Female;Swasta;7.4;61.0;yes;30-60 min;no;notes;81.8;76.7;87.9;79.4;c
614;16;other;Negeri;3.7;79.3;yes;>60 min;no;mixed;67.5;67.9;78.3;70.9;c
615;18;other;Negeri;2.5;82.7;no;30-60 min;no;group study;49.7;69.6;56.5;56.0;d
616;17;Female;Swasta;1.5;52.6;yes;>60 min;no;notes;48.1;30.7;50.3;39.5;f
617;15;Male;Swasta;7.5;99.4;yes;30-60 min;no;online videos;89.3;100.0;100.0;100.0;a
618;15;other;Swasta;2.2;79.0;yes;<15 min;yes;notes;30.5;42.2;59.5;46.7;e
619;14;other;Negeri;7.3;81.9;yes;30-60 min;yes;group study;73.8;71.0;75.8;83.5;c
620;14;Male;Negeri;1.9;78.5;yes;15-30 min;yes;group study;40.6;47.5;21.1;37.1;f
621;16;other;Negeri;0.6;84.5;yes;15-30 min;no;notes;59.3;57.6;43.0;44.8;e
622;16;Male;Swasta;2.2;82.8;yes;<15 min;yes;group study;59.8;42.3;39.9;41.3;e
623;14;other;Swasta;4.2;90.0;yes;>60 min;yes;notes;68.4;80.0;66.8;70.9;c
624;16;Female;Swasta;3.1;58.1;no;15-30 min;yes;notes;38.9;43.6;36.5;48.5;e
625;17;other;Swasta;7.3;58.2;yes;>60 min;yes;textbook;81.9;89.2;79.5;81.6;c
626;15;other;Negeri;4.6;61.0;yes;>60 min;no;notes;72.2;70.4;60.9;70.6;c
627;16;Female;Negeri;1.4;98.2;yes;15-30 min;yes;coaching;25.4;35.2;33.4;42.5;e
628;16;Male;Swasta;5.2;67.9;yes;<15 min;yes;coaching;52.6;69.8;62.9;71.0;c
629;17;other;Negeri;3.4;65.8;yes;30-60 min;yes;mixed;34.2;47.1;28.1;47.1;e
630;16;Female;Negeri;5.6;61.5;yes;<15 min;no;textbook;73.9;66.5;59.3;61.6;d
631;18;Female;Swasta;6.4;74.1;no;30-60 min;yes;online videos;80.7;59.4;88.1;83.2;c
632;15;Male;Swasta;7.9;95.3;yes;30-60 min;no;online videos;94.4;95.8;89.0;99.9;a
633;16;Male;Negeri;4.8;83.7;yes;30-60 min;yes;group study;68.1;75.2;75.5;63.1;d
634;16;Female;Swasta;3.3;59.4;yes;30-60 min;yes;group study;62.7;50.9;43.6;52.0;e
635;15;Female;Negeri;3.8;91.9;no;<15 min;yes;group study;69.1;63.9;76.2;76.6;c
636;18;Female;Negeri;3.5;97.3;yes;<15 min;yes;online videos;58.5;67.3;49.8;57.1;d
637;15;Female;Swasta;3.9;85.7;yes;30-60 min;yes;textbook;63.7;67.4;47.8;61.5;d
638;15;other;Negeri;0.7;79.7;no;<15 min;no;textbook;49.9;33.4;36.0;41.2;e
639;18;other;Negeri;2.4;83.6;yes;15-30 min;no;coaching;59.1;45.8;52.1;59.2;d
640;19;Female;Negeri;7.9;86.8;yes;<15 min;yes;group study;84.6;100.0;98.0;99.2;a
641;18;other;Swasta;7.5;93.0;yes;15-30 min;no;mixed;94.2;90.8;97.5;94.5;b
642;19;Female;Swasta;0.9;82.9;yes;<15 min;yes;notes;37.0;4.2;53.2;33.5;f
643;19;Female;Negeri;7.8;76.6;yes;15-30 min;yes;coaching;85.0;74.2;89.6;86.3;b
644;16;Female;Swasta;6.4;59.1;yes;15-30 min;yes;mixed;77.0;80.0;85.1;83.8;c
645;18;other;Negeri;0.5;68.7;yes;<15 min;no;mixed;8.4;39.6;19.3;21.6;f
646;15;Male;Negeri;7.4;54.2;yes;<15 min;no;notes;95.3;91.3;69.8;84.1;c
647;16;Female;Negeri;7.7;86.4;yes;>60 min;yes;coaching;100.0;81.9;100.0;97.5;a
648;17;Male;Negeri;5.2;99.6;yes;15-30 min;no;mixed;87.1;79.6;79.9;86.8;b
649;19;Female;Swasta;6.4;54.8;yes;15-30 min;yes;online videos;55.4;80.1;65.9;65.7;d
650;19;other;Swasta;3.0;72.0;yes;>60 min;yes;textbook;62.0;43.6;51.2;55.1;d
651;16;Female;Swasta;4.8;85.0;yes;<15 min;no;online videos;69.0;81.9;47.1;74.7;c
652;17;Male;Negeri;6.0;51.5;yes;<15 min;no;online videos;57.7;66.6;72.2;75.2;c
653;15;other;Swasta;4.7;72.0;yes;15-30 min;yes;textbook;85.4;72.5;72.5;76.4;c
654;18;other;Negeri;2.8;89.7;yes;>60 min;yes;group study;41.4;43.8;68.4;61.8;d
655;17;Female;Swasta;5.4;64.7;yes;>60 min;no;group study;69.5;69.1;80.6;71.9;c
656;17;Male;Negeri;6.8;83.0;yes;15-30 min;yes;coaching;89.0;78.3;86.4;81.3;c
657;18;Female;Negeri;6.8;80.4;yes;15-30 min;yes;notes;87.5;82.2;81.5;86.0;b
658;17;other;Swasta;1.5;85.0;no;15-30 min;no;online videos;58.1;71.0;55.7;51.1;e
659;14;Female;Swasta;3.8;62.0;yes;30-60 min;no;coaching;75.0;72.7;59.9;64.3;d
660;15;Male;Negeri;0.8;58.4;no;>60 min;no;notes;14.3;15.3;25.0;23.9;f
661;15;Male;Negeri;5.2;50.8;yes;<15 min;no;group study;53.0;43.3;64.9;53.0;e
662;18;other;Swasta;2.3;74.0;yes;30-60 min;no;coaching;52.7;61.6;56.1;53.4;e
663;14;Female;Negeri;7.5;59.3;yes;>60 min;yes;textbook;75.8;65.8;97.6;76.8;c
664;15;other;Swasta;5.1;82.6;yes;<15 min;no;coaching;83.6;72.4;86.8;76.9;c
665;17;Female;Negeri;3.5;77.5;yes;30-60 min;no;mixed;60.2;64.1;45.1;53.9;e
666;18;Male;Negeri;6.0;91.7;yes;>60 min;no;coaching;100.0;89.4;90.3;93.7;b
667;17;Female;Negeri;2.1;90.1;yes;15-30 min;yes;online videos;49.3;52.3;55.4;59.3;d
668;19;other;Swasta;1.2;68.1;no;30-60 min;no;group study;41.8;31.7;36.1;38.7;f
669;19;Female;Negeri;1.2;64.8;no;>60 min;yes;textbook;16.9;18.9;30.8;27.7;f
670;14;Female;Negeri;4.9;54.1;yes;>60 min;yes;group study;66.8;73.2;51.8;62.7;d
671;19;Female;Swasta;7.2;87.8;yes;30-60 min;yes;group study;99.8;85.4;79.7;83.6;c
672;17;Female;Negeri;2.2;74.8;yes;<15 min;no;group study;54.2;36.3;34.1;39.2;f
673;17;Male;Negeri;6.2;66.8;yes;<15 min;yes;online videos;67.2;78.5;78.1;80.2;c
674;14;Male;Swasta;0.8;85.2;yes;15-30 min;no;notes;22.3;40.5;49.5;33.5;f
675;17;Male;Swasta;3.2;63.7;no;30-60 min;yes;group study;47.0;37.7;37.3;42.8;e
676;18;other;Negeri;5.4;73.9;yes;>60 min;no;mixed;66.0;71.6;60.5;71.7;c
677;17;Female;Negeri;6.7;71.8;yes;30-60 min;yes;mixed;100.0;82.6;100.0;92.0;b
678;14;other;Swasta;7.6;63.5;yes;15-30 min;yes;online videos;98.7;100.0;94.7;91.2;b
679;17;Male;Swasta;5.2;89.5;yes;>60 min;no;notes;82.6;81.7;93.6;77.6;c
680;19;Male;Swasta;4.0;85.4;yes;30-60 min;no;group study;49.0;46.6;51.6;59.6;d
681;18;other;Negeri;1.0;76.0;yes;30-60 min;yes;online videos;41.1;27.4;33.3;33.2;f
682;14;other;Negeri;2.6;84.6;yes;30-60 min;yes;online videos;66.6;54.3;62.7;60.8;d
683;19;Female;Negeri;7.4;54.5;yes;>60 min;no;online videos;71.6;70.2;78.5;72.2;c
684;19;Male;Swasta;4.9;71.5;yes;30-60 min;yes;mixed;54.4;87.4;80.7;69.1;d
685;15;other;Swasta;3.1;80.0;yes;15-30 min;yes;coaching;79.8;60.2;58.4;64.9;d
686;18;Male;Swasta;2.4;69.7;yes;>60 min;no;online videos;34.7;44.2;43.3;46.1;e
687;16;Female;Swasta;1.4;85.7;yes;<15 min;yes;mixed;39.2;46.7;41.2;54.1;e
688;17;Female;Negeri;6.1;76.1;yes;<15 min;yes;mixed;88.8;85.2;79.8;84.0;c
689;16;other;Swasta;3.6;69.1;yes;<15 min;yes;online videos;70.7;53.4;96.7;60.5;d
690;18;Male;Swasta;7.5;70.8;yes;>60 min;yes;mixed;79.3;79.0;81.6;86.7;b
691;19;Male;Swasta;3.9;85.8;yes;>60 min;no;mixed;49.5;53.9;54.8;59.0;d
692;18;Male;Swasta;6.6;53.3;yes;<15 min;yes;group study;72.1;69.5;81.2;68.9;d
693;19;Male;Negeri;1.5;91.9;no;<15 min;yes;group study;60.8;39.9;50.2;41.9;e
694;19;Female;Negeri;1.6;52.9;no;15-30 min;yes;textbook;55.6;37.7;31.5;38.4;f
695;14;other;Negeri;2.5;56.6;yes;>60 min;yes;coaching;53.6;52.7;47.9;44.4;e
696;15;Male;Negeri;1.9;90.5;yes;>60 min;yes;textbook;56.3;40.6;69.9;53.3;e
697;18;Female;Negeri;7.8;68.7;yes;30-60 min;no;textbook;84.2;87.8;100.0;86.4;b
698;17;Male;Negeri;6.6;73.0;yes;30-60 min;yes;group study;74.3;88.3;85.7;76.9;c
699;14;Male;Swasta;3.1;68.6;no;15-30 min;no;coaching;54.4;68.4;48.9;57.5;d
700;14;other;Negeri;4.4;54.7;no;15-30 min;yes;mixed;53.5;53.2;51.4;51.7;e
701;17;Male;Negeri;4.5;80.4;yes;>60 min;no;coaching;55.7;66.6;57.7;60.4;d
702;17;Female;Negeri;5.1;84.5;yes;>60 min;no;textbook;71.4;86.3;90.6;74.1;c
703;15;other;Swasta;1.3;59.5;yes;30-60 min;yes;notes;32.4;30.7;29.1;38.6;f
704;15;other;Swasta;3.1;87.6;yes;<15 min;yes;coaching;48.4;46.2;39.5;50.2;e
705;14;Male;Swasta;1.1;55.0;yes;15-30 min;no;textbook;25.0;19.9;14.2;26.0;f
706;17;Female;Swasta;7.4;88.7;yes;15-30 min;no;coaching;100.0;95.6;83.6;98.0;a
707;14;other;Negeri;3.5;85.1;yes;15-30 min;yes;coaching;65.6;51.6;60.0;60.2;d
708;17;Female;Swasta;6.0;95.6;yes;>60 min;no;group study;100.0;71.7;70.0;76.3;c
709;16;Male;Negeri;7.4;90.7;yes;30-60 min;no;textbook;100.0;100.0;82.9;99.6;a
710;16;Male;Negeri;2.8;92.2;yes;30-60 min;yes;textbook;64.8;49.3;45.0;53.4;e
711;18;other;Swasta;1.2;97.9;no;>60 min;no;textbook;57.4;45.5;46.0;44.2;e
712;17;other;Negeri;3.0;92.2;no;15-30 min;no;mixed;65.8;53.0;65.3;60.8;d
713;18;Male;Swasta;5.5;89.8;yes;>60 min;no;textbook;72.2;95.9;78.6;88.1;b
714;18;Male;Negeri;4.2;59.8;yes;>60 min;no;coaching;61.5;40.7;42.9;56.2;d
715;19;Male;Swasta;1.1;87.8;yes;15-30 min;no;coaching;32.1;32.9;47.0;35.3;f
716;18;Male;Negeri;1.0;81.6;yes;>60 min;no;online videos;34.0;48.9;33.0;39.5;f
717;17;other;Swasta;5.7;98.1;yes;30-60 min;yes;textbook;67.2;78.8;100.0;82.2;c
718;16;other;Swasta;6.0;86.0;no;>60 min;yes;textbook;60.8;66.1;76.3;74.7;c
719;15;Male;Swasta;1.3;63.0;yes;30-60 min;no;textbook;26.7;39.7;8.6;28.7;f
720;17;other;Negeri;6.5;58.2;yes;30-60 min;no;textbook;80.1;69.8;69.2;77.3;c
721;14;other;Swasta;3.1;64.1;yes;>60 min;yes;textbook;60.3;57.0;59.1;60.1;d
722;19;Female;Swasta;1.0;74.0;yes;<15 min;yes;online videos;41.0;41.8;51.8;45.3;e
723;19;other;Swasta;3.0;82.6;yes;>60 min;no;coaching;68.7;58.8;51.2;63.7;d
724;14;Male;Negeri;6.0;60.8;yes;>60 min;no;group study;74.3;78.4;65.1;67.2;d
725;18;other;Swasta;5.4;61.6;yes;>60 min;yes;textbook;74.9;54.4;60.4;69.5;d
726;14;Male;Swasta;4.1;65.1;yes;>60 min;yes;online videos;57.5;44.8;58.2;51.7;e
727;18;other;Negeri;2.6;90.4;yes;15-30 min;no;textbook;63.3;54.4;42.1;55.6;d
728;14;Female;Swasta;3.6;68.3;no;30-60 min;yes;mixed;42.8;65.9;60.4;60.8;d
729;16;Male;Negeri;3.4;53.9;yes;<15 min;no;textbook;46.8;31.6;38.4;43.1;e
730;17;other;Swasta;3.4;77.3;yes;<15 min;no;coaching;59.6;71.5;66.7;65.3;d
731;18;other;Negeri;4.2;50.3;yes;15-30 min;yes;online videos;76.8;62.5;54.4;58.4;d
732;16;Female;Swasta;3.9;83.7;yes;>60 min;yes;notes;79.3;54.5;55.8;68.0;d
733;19;Male;Swasta;1.3;92.1;yes;30-60 min;yes;mixed;57.8;48.9;51.3;54.9;e
734;18;Male;Swasta;2.7;58.3;yes;30-60 min;yes;notes;38.4;37.8;26.3;40.4;e
735;15;other;Swasta;1.5;92.2;yes;>60 min;yes;textbook;36.1;69.0;46.2;57.8;d
736;18;Male;Swasta;5.0;84.0;yes;<15 min;yes;notes;59.9;84.1;69.3;71.4;c
737;18;other;Swasta;3.7;54.9;yes;<15 min;no;coaching;44.8;57.2;29.8;49.6;e
738;16;Female;Negeri;5.5;61.4;no;15-30 min;yes;mixed;78.7;69.5;83.0;75.0;c
739;18;other;Swasta;1.2;61.4;no;<15 min;no;notes;37.4;43.8;43.2;41.3;e
740;19;other;Negeri;3.1;60.3;no;>60 min;yes;notes;68.0;56.1;71.6;53.2;e
741;18;other;Negeri;1.9;66.7;yes;15-30 min;no;online videos;33.8;28.0;59.9;39.7;f
742;18;Male;Swasta;1.2;95.4;yes;30-60 min;yes;online videos;78.7;53.8;43.3;55.6;d
743;17;other;Negeri;6.3;61.2;yes;<15 min;yes;notes;68.2;95.7;86.7;80.6;c
744;15;Male;Negeri;1.5;96.3;yes;30-60 min;yes;textbook;56.4;38.1;50.1;49.3;e
745;18;other;Swasta;1.8;77.5;yes;>60 min;no;group study;42.0;46.3;53.0;43.1;e
746;16;Male;Swasta;3.3;75.9;yes;30-60 min;no;coaching;53.9;57.3;52.7;57.1;d
747;17;other;Swasta;2.7;83.7;yes;15-30 min;no;group study;62.1;53.7;58.7;62.7;d
748;15;Male;Negeri;7.4;90.3;yes;30-60 min;yes;group study;92.0;100.0;98.1;100.0;a
749;15;Female;Swasta;7.9;97.9;yes;15-30 min;no;coaching;95.9;87.8;94.5;93.2;b
750;14;Female;Swasta;3.7;50.1;yes;30-60 min;no;group study;45.8;65.4;51.5;53.4;e
751;19;other;Negeri;2.0;69.9;yes;<15 min;yes;group study;46.1;67.0;48.5;43.9;e
752;14;Male;Negeri;4.2;59.0;yes;<15 min;no;notes;54.0;50.6;43.5;50.1;e
753;14;Male;Swasta;4.2;57.6;yes;30-60 min;no;group study;48.3;65.0;30.5;46.8;e
754;19;Female;Swasta;4.0;57.4;yes;15-30 min;no;notes;48.3;54.7;47.9;53.4;e
755;17;Male;Swasta;0.7;85.5;yes;>60 min;no;notes;48.4;12.9;28.5;34.5;f
756;16;other;Negeri;1.5;52.6;yes;>60 min;no;notes;10.6;25.0;49.6;28.0;f
757;18;Male;Negeri;1.6;91.8;yes;>60 min;yes;textbook;56.6;51.3;50.9;51.9;e
758;16;other;Negeri;3.1;87.6;yes;15-30 min;no;coaching;77.0;77.4;67.1;59.8;d
759;14;Female;Swasta;4.9;70.5;yes;15-30 min;no;textbook;72.6;62.7;59.3;61.6;d
760;18;other;Swasta;7.1;71.3;yes;15-30 min;no;notes;82.2;71.4;80.9;93.3;b
761;15;Male;Swasta;2.2;83.9;no;>60 min;no;mixed;44.1;55.5;40.4;51.2;e
762;17;Male;Negeri;6.3;50.5;no;<15 min;yes;textbook;61.7;63.8;65.4;62.8;d
763;19;Female;Negeri;2.2;69.4;yes;30-60 min;no;mixed;27.8;37.5;47.1;39.3;f
764;19;Male;Negeri;0.7;59.0;yes;>60 min;yes;mixed;31.6;38.6;44.7;38.6;f
765;16;Male;Negeri;5.4;59.0;yes;>60 min;yes;online videos;51.5;77.9;68.6;66.3;d
766;18;Male;Swasta;2.1;77.5;no;15-30 min;yes;textbook;59.3;54.2;57.9;52.6;e
767;17;other;Negeri;7.4;62.3;yes;15-30 min;no;notes;100.0;96.0;98.4;94.1;b
768;16;other;Swasta;7.5;68.8;yes;30-60 min;yes;mixed;77.2;79.1;87.4;84.1;c
769;14;Male;Swasta;1.3;85.9;yes;15-30 min;yes;mixed;31.9;22.7;40.2;35.4;f
770;16;Male;Negeri;2.0;81.0;no;15-30 min;yes;online videos;40.6;52.2;52.8;50.3;e
771;17;Female;Swasta;2.1;66.5;yes;15-30 min;no;coaching;39.5;28.3;28.5;33.9;f
772;19;Female;Swasta;7.3;52.5;yes;15-30 min;yes;online videos;70.0;78.7;77.2;77.3;c
773;14;other;Negeri;1.1;51.3;no;15-30 min;yes;group study;13.7;3.0;44.4;23.2;f
774;18;Male;Negeri;6.1;74.4;yes;<15 min;no;notes;93.1;86.9;90.1;85.9;b
775;19;Female;Negeri;2.7;71.1;yes;15-30 min;no;mixed;53.6;41.1;53.1;41.7;e
776;19;Male;Negeri;4.9;89.8;yes;>60 min;yes;textbook;83.8;83.3;77.7;82.6;c
777;16;Male;Swasta;1.8;54.1;yes;15-30 min;yes;group study;17.7;36.8;32.8;34.5;f
778;14;other;Swasta;6.5;92.5;yes;15-30 min;no;coaching;99.6;93.2;78.4;88.4;b
779;15;Female;Negeri;5.5;60.6;yes;<15 min;no;mixed;42.6;64.3;52.1;58.7;d
780;19;Female;Negeri;0.7;67.5;no;15-30 min;no;group study;24.4;35.1;43.4;37.0;f
781;19;Male;Swasta;2.3;93.0;yes;<15 min;yes;group study;55.7;69.1;48.2;59.7;d
782;17;Female;Negeri;4.0;91.9;yes;<15 min;yes;textbook;74.7;71.2;89.9;72.0;c
783;14;Female;Negeri;4.5;75.7;yes;15-30 min;no;group study;55.3;46.3;61.3;59.8;d
784;14;other;Negeri;6.7;54.1;yes;30-60 min;yes;online videos;87.0;81.1;91.2;74.0;c
785;16;Female;Negeri;3.4;79.5;yes;15-30 min;no;textbook;68.0;63.5;77.8;65.5;d
786;17;Male;Swasta;7.5;88.1;yes;<15 min;yes;mixed;85.8;81.6;87.3;85.3;b
787;14;other;Swasta;2.0;63.1;yes;30-60 min;yes;mixed;33.0;61.2;37.3;46.4;e
788;18;Male;Swasta;6.9;59.2;yes;30-60 min;yes;notes;97.2;81.7;79.5;83.9;c
789;17;other;Negeri;7.3;74.9;yes;30-60 min;yes;textbook;95.6;100.0;96.8;97.1;a
790;14;Female;Negeri;5.2;87.5;yes;30-60 min;no;online videos;67.8;88.4;76.7;78.0;c
791;14;other;Negeri;7.8;75.2;yes;<15 min;no;group study;82.4;83.7;91.0;88.9;b
792;16;Female;Swasta;3.6;62.0;yes;30-60 min;no;online videos;58.7;52.3;64.1;44.9;e
793;18;Female;Negeri;5.7;93.4;yes;>60 min;no;mixed;92.7;91.9;85.0;90.2;b
794;18;Female;Swasta;0.6;93.6;yes;<15 min;yes;online videos;41.0;56.2;33.3;43.2;e
795;16;Male;Negeri;2.6;82.9;no;30-60 min;yes;textbook;44.7;44.5;54.8;50.2;e
796;15;Male;Negeri;4.7;53.7;yes;30-60 min;no;group study;71.0;59.7;69.2;66.1;d
797;19;other;Swasta;7.1;61.6;yes;15-30 min;yes;mixed;71.4;88.4;75.6;85.6;b
798;16;other;Swasta;7.6;80.9;yes;<15 min;no;group study;86.4;75.2;95.7;84.9;c
799;15;other;Swasta;4.8;89.1;yes;30-60 min;no;group study;72.1;89.5;59.5;77.0;c
800;16;Male;Negeri;6.9;73.7;yes;>60 min;yes;online videos;77.4;88.6;100.0;91.5;b
801;14;Female;Swasta;6.5;65.2;yes;>60 min;no;group study;69.7;90.4;84.8;73.2;c
802;15;Female;Negeri;6.3;94.2;yes;>60 min;yes;notes;67.8;72.5;100.0;82.5;c
803;17;other;Negeri;1.3;69.1;yes;15-30 min;no;coaching;41.1;57.5;43.7;47.0;e
804;19;Female;Negeri;4.1;95.8;yes;<15 min;yes;notes;53.4;72.9;76.4;75.4;c
805;18;other;Negeri;4.1;76.6;yes;30-60 min;no;group study;64.5;65.2;72.7;71.2;c
806;18;other;Negeri;6.4;80.7;yes;30-60 min;yes;mixed;68.5;85.1;74.6;80.7;c
807;17;Female;Swasta;4.9;56.2;yes;30-60 min;yes;notes;69.3;71.5;72.0;70.1;c
808;14;Female;Swasta;6.6;63.4;yes;>60 min;yes;textbook;78.1;85.6;83.7;80.0;c
809;16;Female;Negeri;7.7;98.7;yes;>60 min;yes;mixed;100.0;93.0;100.0;100.0;a
810;19;other;Swasta;4.7;85.9;yes;<15 min;yes;coaching;79.1;51.7;76.0;67.2;d
811;14;Female;Swasta;6.4;73.9;yes;>60 min;yes;mixed;83.5;77.8;78.3;71.3;c
812;19;Male;Swasta;4.7;76.1;yes;<15 min;yes;online videos;64.8;61.9;67.8;68.6;d
813;18;Female;Swasta;5.2;54.4;yes;15-30 min;no;mixed;72.9;73.5;57.7;73.0;c
814;15;Female;Negeri;4.1;89.2;no;15-30 min;no;mixed;56.2;72.5;82.3;66.3;d
815;18;other;Swasta;7.7;53.6;yes;15-30 min;no;online videos;90.0;93.4;80.1;91.8;b
816;19;other;Negeri;6.6;69.3;yes;<15 min;yes;coaching;85.4;69.9;75.1;71.8;c
817;14;Male;Negeri;6.1;70.5;yes;15-30 min;yes;notes;62.3;65.9;57.0;71.5;c
818;14;Female;Negeri;3.0;80.2;yes;>60 min;yes;mixed;71.3;62.7;46.9;51.8;e
819;17;Male;Negeri;4.1;70.8;yes;<15 min;no;group study;38.6;66.2;60.0;58.5;d
820;19;Female;Negeri;7.0;98.0;yes;>60 min;no;coaching;98.0;100.0;98.9;96.3;a
821;14;other;Negeri;7.5;89.9;yes;>60 min;yes;group study;91.5;88.9;89.1;100.0;a
822;17;other;Swasta;8.0;98.0;yes;15-30 min;no;coaching;76.8;93.5;100.0;100.0;a
823;14;Male;Swasta;6.0;75.9;yes;<15 min;no;coaching;80.2;67.0;66.2;70.9;c
824;17;Male;Swasta;6.0;65.1;yes;>60 min;yes;textbook;65.5;68.2;75.8;64.7;d
825;17;other;Negeri;1.2;99.1;yes;>60 min;yes;notes;57.4;69.9;48.7;53.1;e
826;14;Female;Swasta;6.1;54.1;yes;<15 min;no;coaching;67.1;75.3;71.6;74.7;c
827;18;Female;Negeri;3.1;96.4;yes;>60 min;yes;mixed;61.2;49.2;74.7;53.5;e
828;19;other;Swasta;7.0;54.8;yes;>60 min;yes;group study;65.1;72.1;71.2;69.7;d
829;19;other;Negeri;0.6;90.3;no;>60 min;yes;mixed;58.1;34.9;30.0;48.6;e
830;14;other;Negeri;7.5;89.0;no;15-30 min;yes;notes;92.4;76.3;98.3;97.4;a
831;15;other;Negeri;4.1;83.0;yes;30-60 min;yes;online videos;74.8;53.4;64.6;65.3;d
832;15;other;Negeri;1.5;89.1;yes;>60 min;no;online videos;43.5;35.3;35.0;39.5;f
833;16;other;Swasta;5.0;54.4;yes;30-60 min;no;textbook;72.6;61.7;44.8;57.4;d
834;14;other;Negeri;5.7;68.7;yes;>60 min;no;coaching;81.6;88.6;70.6;77.5;c
835;19;Female;Swasta;6.3;66.8;yes;<15 min;no;coaching;89.8;91.8;95.5;78.5;c
836;18;Male;Swasta;5.8;99.1;yes;15-30 min;yes;notes;90.2;95.9;80.9;86.9;b
837;18;other;Negeri;4.7;73.6;yes;>60 min;no;mixed;81.9;59.9;75.6;73.0;c
838;15;other;Negeri;1.1;52.5;yes;<15 min;yes;mixed;35.3;32.2;28.6;34.4;f
839;14;Male;Negeri;7.0;63.0;yes;>60 min;no;online videos;77.8;91.1;65.0;76.9;c
840;19;Female;Negeri;7.9;92.2;yes;15-30 min;yes;textbook;100.0;86.0;94.5;100.0;a
841;15;Female;Swasta;6.3;94.6;yes;<15 min;no;textbook;91.2;90.4;98.4;90.3;b
842;17;Female;Swasta;0.8;96.4;yes;15-30 min;no;coaching;21.9;37.8;48.1;37.5;f
843;19;other;Negeri;6.2;57.2;no;15-30 min;no;online videos;76.6;80.7;68.3;72.7;c
844;14;Female;Negeri;2.5;84.4;yes;>60 min;no;textbook;65.7;24.1;47.6;52.2;e
845;14;other;Swasta;7.7;70.1;yes;15-30 min;yes;coaching;96.4;100.0;100.0;95.7;a
846;14;other;Swasta;1.0;86.8;yes;30-60 min;no;mixed;51.1;39.1;56.3;51.3;e
847;14;other;Negeri;1.2;91.2;yes;15-30 min;yes;group study;35.3;49.1;50.9;40.4;e
848;14;Female;Negeri;1.9;63.1;yes;30-60 min;no;mixed;39.1;32.3;51.5;44.9;e
849;18;Male;Negeri;6.1;75.0;yes;>60 min;yes;mixed;71.1;80.7;94.7;79.6;c
850;17;other;Swasta;5.4;66.4;yes;30-60 min;yes;coaching;75.7;58.2;77.3;77.8;c
851;19;Male;Swasta;6.0;72.8;yes;30-60 min;no;textbook;54.9;58.3;71.3;68.6;d
852;18;Male;Negeri;3.2;64.5;yes;15-30 min;no;mixed;35.9;60.3;52.4;55.6;d
853;19;Male;Negeri;7.1;67.0;yes;30-60 min;yes;coaching;92.2;86.2;80.9;93.0;b
854;15;Male;Swasta;3.8;63.6;yes;30-60 min;no;coaching;65.3;63.3;53.4;57.4;d
855;15;other;Negeri;1.5;64.9;yes;15-30 min;no;notes;18.4;37.1;13.4;34.1;f
856;19;Female;Swasta;6.3;78.9;yes;15-30 min;no;online videos;100.0;83.6;76.8;85.2;b
857;15;Male;Negeri;4.5;80.0;yes;<15 min;no;mixed;67.4;36.8;62.7;58.5;d
858;14;Male;Negeri;5.0;96.0;yes;>60 min;yes;online videos;81.7;81.0;92.7;79.5;c
859;18;Male;Negeri;3.4;69.5;yes;<15 min;no;online videos;68.6;59.8;41.2;52.8;e
860;18;other;Swasta;5.8;82.9;yes;30-60 min;no;textbook;67.8;76.9;79.7;71.9;c
861;19;other;Negeri;0.8;98.3;no;15-30 min;no;coaching;54.3;45.4;51.5;53.9;e
862;19;Male;Swasta;4.2;73.3;yes;30-60 min;yes;group study;46.6;64.7;61.1;62.4;d
863;14;Male;Swasta;3.7;89.0;yes;<15 min;no;textbook;73.9;70.7;82.9;72.8;c
864;18;Female;Swasta;6.1;98.5;yes;<15 min;yes;online videos;89.3;84.7;88.8;83.4;c
865;19;other;Swasta;2.5;89.5;yes;>60 min;yes;mixed;49.4;64.1;39.4;52.1;e
866;18;Male;Swasta;2.3;54.0;no;30-60 min;yes;notes;47.4;52.4;47.4;49.7;e
867;18;other;Swasta;2.9;59.7;no;>60 min;no;notes;36.5;42.8;44.2;48.1;e
868;19;Male;Swasta;4.1;64.7;yes;<15 min;yes;group study;71.4;61.4;64.3;56.2;d
869;16;Male;Swasta;2.1;84.3;yes;<15 min;yes;mixed;37.4;56.4;65.8;55.5;d
870;14;Female;Negeri;5.6;83.6;yes;15-30 min;no;coaching;86.5;79.3;75.8;69.4;d
871;16;Male;Negeri;3.0;56.9;yes;<15 min;no;online videos;44.2;40.9;51.1;52.1;e
872;15;Male;Negeri;3.7;72.5;yes;>60 min;yes;notes;34.8;39.8;42.2;51.6;e
873;14;Male;Negeri;4.7;71.1;yes;30-60 min;no;textbook;54.3;53.9;50.2;56.4;d
874;14;Male;Negeri;3.3;84.5;yes;15-30 min;no;mixed;68.2;52.6;69.9;70.1;c
875;18;other;Negeri;5.8;63.0;yes;>60 min;no;coaching;66.7;61.3;68.7;65.6;d
876;17;Male;Swasta;5.4;61.9;yes;<15 min;yes;notes;69.3;77.7;73.3;75.9;c
877;17;Male;Negeri;6.2;79.8;yes;>60 min;yes;mixed;97.2;92.4;94.6;81.6;c
878;18;Male;Swasta;4.4;54.1;yes;>60 min;yes;group study;56.7;46.3;58.6;50.1;e
879;17;Male;Swasta;3.3;83.4;yes;<15 min;no;coaching;60.9;68.7;78.0;60.2;d
880;17;Female;Swasta;2.0;72.0;no;<15 min;yes;mixed;35.7;40.7;27.0;38.7;f
881;14;other;Swasta;3.8;76.8;yes;<15 min;no;online videos;78.2;51.1;61.0;52.6;e
882;19;Male;Negeri;7.0;90.1;yes;15-30 min;yes;mixed;85.2;78.2;100.0;88.2;b
883;16;other;Swasta;1.4;59.0;yes;15-30 min;no;textbook;33.5;28.5;25.8;34.5;f
884;14;Female;Swasta;2.1;60.5;no;15-30 min;no;notes;40.3;38.7;47.6;44.3;e
885;18;Male;Negeri;5.5;95.1;yes;>60 min;yes;online videos;90.7;75.6;79.3;78.9;c
886;18;other;Swasta;4.8;87.0;yes;15-30 min;yes;mixed;69.9;63.6;67.6;69.1;d
887;14;Male;Negeri;7.4;63.1;yes;>60 min;no;online videos;74.3;91.6;73.0;83.3;c
888;15;Female;Negeri;0.7;86.0;no;<15 min;yes;mixed;44.0;37.4;35.3;38.9;f
889;14;Female;Negeri;7.1;72.9;yes;<15 min;yes;online videos;99.1;100.0;85.9;92.5;b
890;15;Female;Swasta;5.9;80.9;yes;15-30 min;no;online videos;65.2;62.4;81.1;71.7;c
891;14;Male;Swasta;6.3;89.3;yes;<15 min;yes;mixed;83.5;85.7;92.8;77.9;c
892;18;Male;Negeri;3.3;52.2;yes;<15 min;no;mixed;69.1;36.1;38.5;47.6;e
893;17;other;Negeri;2.8;80.6;yes;<15 min;yes;mixed;72.0;53.7;64.3;56.4;d
894;19;other;Swasta;0.6;66.9;yes;<15 min;no;online videos;39.3;24.9;28.8;27.5;f
895;18;Male;Swasta;6.4;75.8;yes;15-30 min;yes;textbook;77.4;73.5;79.4;75.8;c
896;17;Female;Negeri;1.7;68.2;yes;<15 min;no;notes;49.1;58.6;44.4;48.1;e
897;17;other;Negeri;2.2;97.1;yes;15-30 min;no;mixed;62.1;51.4;43.4;50.6;e
898;14;Male;Swasta;2.6;79.9;yes;>60 min;yes;group study;38.1;72.2;70.5;55.7;d
899;14;Female;Negeri;7.0;92.3;yes;15-30 min;yes;notes;95.4;100.0;92.3;97.0;a
900;17;other;Negeri;2.7;62.8;yes;<15 min;no;group study;41.1;47.4;56.9;48.4;e
901;14;other;Negeri;3.7;68.2;yes;30-60 min;yes;group study;48.6;64.5;62.4;54.9;e
902;14;Female;Negeri;6.1;89.4;yes;15-30 min;yes;online videos;94.7;78.8;89.7;91.0;b
903;15;other;Swasta;7.2;61.7;yes;>60 min;yes;group study;86.6;80.1;87.3;81.0;c
904;19;Female;Swasta;6.4;100.0;no;30-60 min;yes;coaching;74.9;81.1;79.2;83.0;c
905;16;Male;Negeri;4.5;83.0;yes;15-30 min;yes;notes;42.6;63.4;64.0;59.4;d
906;18;other;Swasta;0.5;94.8;yes;<15 min;yes;group study;61.2;56.1;33.2;50.3;e
907;16;Male;Negeri;1.7;55.2;yes;15-30 min;yes;coaching;45.1;33.6;36.9;42.2;e
908;15;Male;Negeri;2.4;70.7;yes;30-60 min;yes;coaching;53.1;58.8;55.9;55.1;d
909;16;Female;Swasta;3.6;66.8;yes;<15 min;no;mixed;40.9;62.7;35.3;50.6;e
910;14;other;Negeri;3.2;98.5;yes;15-30 min;no;textbook;63.7;67.0;49.0;60.3;d
911;18;other;Swasta;4.4;57.2;yes;30-60 min;no;group study;51.7;63.4;44.6;59.9;d
912;15;other;Swasta;3.6;87.4;yes;>60 min;no;textbook;66.5;80.0;77.6;71.7;c
913;16;Female;Swasta;5.9;81.5;yes;30-60 min;no;notes;96.4;65.1;74.7;87.6;b
914;19;Female;Swasta;0.9;92.6;no;<15 min;no;coaching;46.4;22.7;30.0;40.7;e
915;17;Female;Negeri;8.0;98.9;yes;15-30 min;yes;online videos;100.0;100.0;95.0;100.0;a
916;16;Male;Negeri;6.8;90.3;yes;<15 min;no;coaching;98.5;94.0;96.4;88.3;b
917;17;Female;Swasta;3.0;62.6;yes;30-60 min;no;group study;31.5;45.2;14.3;42.6;e
918;18;Male;Negeri;3.5;91.7;yes;<15 min;no;online videos;66.9;58.7;53.2;57.8;d
919;15;Male;Swasta;7.7;76.3;no;<15 min;yes;online videos;100.0;93.2;100.0;93.8;b
920;17;other;Negeri;7.5;82.7;yes;15-30 min;yes;coaching;96.5;88.4;75.6;84.6;c
921;19;other;Negeri;3.4;64.0;yes;30-60 min;yes;textbook;57.8;56.5;57.0;54.0;e
922;17;Male;Swasta;0.9;90.8;yes;<15 min;no;notes;34.8;30.0;39.2;33.9;f
923;16;Male;Negeri;7.9;72.2;yes;<15 min;yes;mixed;92.6;88.7;71.1;86.6;b
924;14;Male;Swasta;5.4;90.4;yes;30-60 min;yes;coaching;98.4;88.9;83.8;87.1;b
925;15;Male;Swasta;5.7;71.4;yes;30-60 min;yes;coaching;82.7;76.3;75.9;82.3;c
926;19;other;Swasta;2.6;80.8;yes;>60 min;no;coaching;66.0;67.2;58.5;56.9;d
927;17;other;Negeri;6.6;55.1;yes;<15 min;no;online videos;34.4;60.8;72.0;66.7;d
928;15;other;Negeri;4.7;54.6;yes;30-60 min;no;mixed;50.4;60.6;70.6;67.6;d
929;16;Female;Negeri;4.0;97.6;yes;15-30 min;yes;coaching;76.4;61.9;72.1;66.3;d
930;17;Male;Swasta;6.1;86.3;yes;15-30 min;no;group study;78.4;61.1;66.3;74.9;c
931;17;Male;Negeri;3.3;58.6;yes;30-60 min;no;group study;51.2;45.4;43.9;46.8;e
932;18;other;Negeri;3.7;79.9;yes;15-30 min;yes;notes;50.3;50.7;61.7;54.8;e
933;15;other;Swasta;5.4;89.1;yes;>60 min;no;coaching;65.8;88.6;87.8;83.0;c
934;17;Female;Swasta;5.3;79.9;yes;<15 min;no;mixed;82.9;69.8;54.1;70.9;c
935;16;Female;Negeri;7.8;72.4;yes;>60 min;no;coaching;100.0;77.7;96.1;93.3;b
936;19;other;Negeri;4.7;91.8;yes;>60 min;yes;online videos;96.2;79.3;70.0;83.6;c
937;14;other;Negeri;2.9;52.5;yes;>60 min;yes;mixed;22.4;29.6;30.8;43.0;e
938;14;Male;Negeri;2.7;81.7;yes;15-30 min;no;textbook;61.0;59.8;60.8;50.6;e
939;16;Female;Negeri;4.5;73.7;yes;15-30 min;yes;online videos;76.9;77.1;75.2;67.3;d
940;17;Male;Negeri;1.4;82.4;yes;>60 min;yes;mixed;52.1;49.9;39.3;46.4;e
941;18;Female;Swasta;4.9;64.5;yes;30-60 min;no;textbook;67.2;72.8;67.4;66.3;d
942;16;Female;Negeri;3.4;58.1;yes;>60 min;yes;coaching;36.1;43.3;47.0;42.5;e
943;19;Male;Swasta;3.1;98.7;yes;15-30 min;yes;textbook;60.3;57.1;45.9;54.7;e
944;16;Male;Negeri;1.9;93.2;yes;15-30 min;yes;group study;55.5;53.8;37.0;59.8;d
945;14;Female;Swasta;4.2;95.4;yes;30-60 min;no;coaching;72.8;62.1;68.4;65.6;d
946;14;Female;Swasta;0.8;88.4;yes;>60 min;yes;notes;28.0;39.5;47.2;32.5;f
947;19;other;Swasta;5.1;53.2;no;>60 min;no;online videos;61.1;55.0;57.0;63.6;d
948;14;Male;Swasta;2.6;81.4;yes;>60 min;yes;online videos;37.9;47.7;45.8;46.4;e
949;19;Male;Negeri;7.3;69.1;yes;>60 min;yes;mixed;95.0;89.3;100.0;95.2;a
950;15;other;Swasta;4.4;66.7;yes;30-60 min;yes;coaching;66.0;59.3;79.6;65.6;d
951;14;other;Negeri;6.4;62.5;yes;<15 min;no;online videos;98.7;96.3;90.0;86.1;b
952;15;other;Swasta;6.9;59.0;yes;>60 min;yes;mixed;86.4;90.0;80.2;85.1;b
953;17;other;Negeri;7.1;57.0;no;15-30 min;no;mixed;47.9;78.4;77.2;76.0;c
954;16;other;Negeri;7.0;56.1;yes;15-30 min;yes;notes;100.0;72.9;78.6;82.2;c
955;18;Female;Swasta;2.2;85.6;yes;30-60 min;yes;textbook;44.6;50.4;46.6;50.4;e
956;17;other;Swasta;2.8;96.5;yes;30-60 min;yes;online videos;39.2;52.8;61.5;55.7;d
957;16;Female;Negeri;5.8;69.0;yes;30-60 min;yes;notes;85.8;63.4;78.8;74.9;c
958;17;other;Negeri;4.5;55.3;yes;15-30 min;yes;coaching;75.5;71.8;71.0;66.8;d
959;19;Female;Swasta;5.1;61.1;yes;15-30 min;yes;group study;52.2;59.7;52.6;55.4;d
960;16;Female;Negeri;5.6;87.3;yes;>60 min;no;mixed;76.0;69.4;100.0;88.2;b
961;14;other;Negeri;1.4;67.4;yes;30-60 min;yes;online videos;35.9;31.4;25.2;33.2;f
962;16;Female;Negeri;1.8;83.1;yes;30-60 min;no;mixed;35.4;54.9;21.6;39.3;f
963;19;Male;Negeri;5.3;60.3;yes;15-30 min;yes;coaching;76.9;78.5;70.0;76.4;c
964;15;other;Negeri;5.2;87.8;yes;<15 min;yes;coaching;69.6;84.4;72.6;68.9;d
965;19;Female;Negeri;6.6;82.8;yes;30-60 min;yes;textbook;76.2;98.5;93.2;95.3;a
966;17;other;Swasta;5.7;61.1;yes;30-60 min;yes;group study;66.4;77.1;61.6;72.1;c
967;17;Female;Swasta;2.1;96.6;yes;>60 min;yes;online videos;57.9;60.6;75.5;62.5;d
968;15;other;Negeri;1.0;76.1;yes;>60 min;no;online videos;40.3;33.1;21.1;41.1;e
969;19;Female;Negeri;3.4;61.0;yes;30-60 min;yes;group study;42.5;33.6;40.6;42.3;e
970;14;other;Negeri;3.3;78.3;yes;>60 min;no;textbook;46.5;72.9;62.0;62.9;d
971;15;other;Swasta;6.3;70.8;no;30-60 min;yes;textbook;77.2;81.3;100.0;83.4;c
972;16;Male;Swasta;5.5;95.9;yes;<15 min;no;notes;73.1;71.1;84.9;75.8;c
973;16;other;Negeri;7.0;65.5;no;<15 min;yes;mixed;71.5;90.9;79.1;74.0;c
974;16;other;Negeri;4.3;94.3;no;30-60 min;yes;online videos;80.2;88.9;91.8;69.7;d
975;14;Female;Negeri;2.7;87.1;yes;>60 min;no;online videos;54.0;48.8;53.8;46.9;e
976;15;other;Swasta;4.3;84.0;yes;30-60 min;yes;group study;85.8;42.6;67.0;58.1;d
977;14;other;Negeri;2.1;59.2;yes;>60 min;yes;group study;36.4;46.2;42.2;47.1;e
978;17;Female;Negeri;1.0;54.3;no;30-60 min;no;group study;45.3;26.7;49.3;36.1;f
979;16;Female;Negeri;4.2;93.2;yes;>60 min;no;group study;73.6;59.2;60.4;70.2;c
980;17;other;Swasta;3.6;78.5;yes;30-60 min;no;coaching;56.1;71.7;53.0;59.2;d
981;17;Male;Negeri;0.7;98.3;yes;30-60 min;yes;group study;45.9;31.0;58.8;42.4;e
982;18;Female;Swasta;5.9;75.8;no;15-30 min;no;coaching;82.3;64.2;70.1;70.5;c
983;17;other;Swasta;5.3;79.6;yes;>60 min;yes;group study;74.2;75.3;79.0;77.1;c
984;17;other;Negeri;1.1;99.9;no;<15 min;yes;notes;55.7;34.9;63.7;45.4;e
985;17;Male;Negeri;5.8;85.8;yes;<15 min;no;online videos;79.6;71.1;69.9;76.6;c
986;17;Male;Swasta;1.1;68.0;no;15-30 min;yes;mixed;28.4;17.4;28.2;27.6;f
987;17;Female;Swasta;4.4;91.4;yes;<15 min;no;notes;96.3;60.9;58.2;72.6;c
988;15;other;Negeri;5.2;64.8;no;30-60 min;yes;textbook;68.1;76.0;85.3;77.1;c
989;15;Female;Negeri;4.2;76.3;yes;30-60 min;no;textbook;79.5;72.1;80.7;72.5;c
990;18;Male;Negeri;6.1;61.9;yes;<15 min;yes;textbook;78.5;54.6;70.8;67.3;d
991;16;Male;Swasta;3.4;99.7;yes;<15 min;yes;online videos;71.0;54.3;58.6;66.4;d
992;17;Female;Swasta;2.1;96.7;yes;>60 min;yes;textbook;52.1;42.9;59.6;54.9;e
993;15;Female;Negeri;4.1;93.7;yes;30-60 min;no;notes;70.1;55.6;60.2;67.6;d
994;16;Male;Swasta;3.1;70.1;yes;15-30 min;no;notes;34.2;46.4;33.8;47.8;e
995;17;Female;Negeri;1.6;86.4;yes;15-30 min;no;group study;43.6;54.6;62.2;52.2;e
996;17;Female;Negeri;4.0;63.0;yes;<15 min;no;mixed;63.3;50.2;56.5;54.7;e
997;17;Male;Negeri;2.0;69.5;yes;15-30 min;yes;online videos;43.9;61.3;45.8;49.5;e
998;16;Male;Negeri;4.0;90.2;yes;>60 min;yes;coaching;48.7;72.1;65.8;59.6;d
999;19;Female;Swasta;4.9;52.8;yes;30-60 min;no;mixed;72.1;51.2;55.8;68.3;d
1000;17;other;Negeri;6.4;52.5;no;<15 min;no;group study;72.5;78.2;86.8;77.4;c
1001;18;other;Swasta;6.9;83.1;yes;>60 min;no;notes;90.1;68.1;91.2;85.1;b
1002;18;Female;Swasta;5.5;88.7;no;<15 min;yes;notes;100.0;84.8;69.0;84.0;c
1003;17;Male;Negeri;7.2;69.2;yes;<15 min;no;coaching;85.8;96.3;99.1;86.9;b
1004;19;other;Swasta;4.7;83.7;yes;<15 min;yes;mixed;62.3;69.7;90.4;66.5;d
1005;14;other;Negeri;5.8;95.1;no;<15 min;no;online videos;71.1;73.4;95.9;81.5;c
1006;19;Male;Negeri;6.3;55.0;yes;30-60 min;yes;mixed;65.9;84.5;86.9;73.8;c
1007;19;Female;Negeri;6.7;91.5;yes;>60 min;no;textbook;86.2;82.8;89.4;90.3;b
1008;17;Male;Swasta;6.1;79.1;yes;15-30 min;no;coaching;60.0;76.8;56.2;74.9;c
1009;18;other;Swasta;7.3;71.1;yes;30-60 min;no;group study;100.0;84.7;92.7;93.9;b
1010;17;other;Negeri;4.0;52.6;yes;>60 min;no;textbook;58.8;64.7;60.3;61.9;d
1011;15;Male;Swasta;7.7;69.2;yes;30-60 min;no;notes;98.3;89.9;90.6;92.8;b
1012;18;other;Swasta;3.5;89.7;no;30-60 min;yes;textbook;70.2;48.9;61.2;66.0;d
1013;15;Female;Negeri;1.0;77.1;yes;<15 min;yes;group study;48.2;39.3;46.6;43.2;e
1014;15;Female;Swasta;1.9;58.8;yes;15-30 min;yes;online videos;30.9;39.8;27.0;33.2;f
1015;17;Male;Swasta;4.7;61.6;no;>60 min;yes;group study;66.5;69.4;49.6;57.7;d
1016;19;other;Swasta;0.6;92.4;yes;30-60 min;yes;mixed;41.9;28.3;30.1;32.2;f
1017;16;Female;Negeri;1.7;71.6;yes;15-30 min;no;coaching;35.9;43.6;32.4;33.4;f
1018;16;other;Negeri;3.3;54.8;yes;>60 min;yes;coaching;31.9;38.6;38.8;43.9;e
1019;14;Male;Swasta;5.2;98.7;no;30-60 min;yes;coaching;86.3;94.2;87.0;73.6;c
1020;14;Female;Negeri;1.7;62.7;no;>60 min;no;notes;30.9;29.3;41.2;36.4;f
1021;14;Male;Swasta;4.8;89.8;no;<15 min;no;online videos;80.2;70.8;77.6;70.3;c
1022;14;other;Negeri;5.5;50.6;yes;<15 min;no;group study;75.8;59.2;80.7;71.2;c
1023;19;Female;Swasta;6.2;62.8;yes;>60 min;yes;notes;75.6;82.4;80.3;84.5;c
1024;19;other;Swasta;5.5;66.9;no;>60 min;no;coaching;69.7;71.9;83.6;66.0;d
1025;18;Male;Swasta;2.4;93.0;no;15-30 min;no;coaching;45.2;78.2;57.7;50.1;e
1026;14;other;Swasta;8.0;87.4;yes;15-30 min;yes;mixed;88.6;87.2;99.2;93.9;b
1027;14;Male;Swasta;7.2;65.4;yes;<15 min;yes;mixed;89.0;53.6;63.5;75.3;c
1028;15;Female;Negeri;3.3;89.4;yes;15-30 min;yes;coaching;50.6;74.5;53.6;62.8;d
1029;17;Male;Swasta;0.7;90.5;yes;<15 min;no;mixed;49.7;49.1;54.0;48.6;e
1030;16;Male;Negeri;4.5;75.6;yes;30-60 min;yes;online videos;72.4;76.0;52.2;62.6;d
1031;16;Female;Negeri;7.0;75.4;yes;>60 min;yes;group study;92.3;80.1;86.6;91.3;b
1032;15;Male;Negeri;6.7;75.5;yes;>60 min;yes;coaching;83.7;100.0;93.8;92.2;b
1033;18;Female;Negeri;7.2;58.4;yes;30-60 min;yes;online videos;77.1;65.4;67.9;71.3;c
1034;15;other;Swasta;7.8;90.6;yes;15-30 min;no;coaching;95.0;98.0;100.0;100.0;a
1035;14;Male;Negeri;5.8;85.7;yes;<15 min;yes;coaching;72.8;77.2;85.7;76.1;c
1036;18;other;Swasta;1.7;92.5;no;30-60 min;yes;coaching;32.3;41.5;42.4;52.8;e
1037;19;Male;Negeri;0.8;90.8;yes;15-30 min;yes;group study;43.5;30.1;29.4;33.6;f
1038;14;Male;Negeri;1.6;89.3;no;<15 min;no;mixed;45.2;21.7;35.9;38.7;f
1039;16;Female;Swasta;2.0;89.0;no;15-30 min;yes;mixed;50.0;49.5;41.1;43.3;e
1040;18;Female;Swasta;1.0;97.2;yes;15-30 min;yes;textbook;43.2;47.8;55.8;52.3;e
1041;18;Female;Swasta;3.9;80.3;yes;<15 min;no;mixed;49.6;34.1;35.3;60.7;d
1042;19;Male;Negeri;6.4;91.4;yes;>60 min;no;textbook;99.9;91.1;94.7;95.0;b
1043;16;Female;Swasta;0.5;90.1;yes;>60 min;yes;mixed;36.7;37.7;10.4;34.8;f
1044;16;Male;Swasta;6.5;63.5;yes;15-30 min;no;coaching;91.7;75.5;77.8;72.4;c
1045;18;Male;Swasta;7.4;78.3;yes;>60 min;no;online videos;89.9;100.0;78.8;83.5;c
1046;14;other;Negeri;1.6;86.5;yes;30-60 min;yes;mixed;46.3;57.0;56.8;55.2;d
1047;15;Male;Negeri;0.7;55.2;yes;15-30 min;yes;mixed;23.2;30.3;30.2;32.8;f
1048;17;Female;Negeri;4.1;76.5;yes;<15 min;yes;textbook;57.2;53.0;63.7;54.4;e
1049;18;Female;Negeri;7.0;50.1;yes;>60 min;yes;group study;88.5;98.0;74.4;81.6;c
1050;14;Male;Swasta;6.0;62.0;yes;<15 min;yes;notes;89.9;69.3;75.9;78.6;c
1051;17;other;Swasta;0.8;74.3;yes;>60 min;yes;group study;31.6;23.4;33.7;27.7;f
1052;16;Female;Swasta;5.5;65.3;no;<15 min;yes;notes;56.1;69.7;83.2;62.4;d
1053;17;other;Negeri;6.6;88.6;yes;>60 min;yes;mixed;87.3;93.7;84.1;91.6;b
1054;19;Female;Negeri;2.5;81.9;yes;30-60 min;yes;coaching;34.7;35.9;58.0;46.8;e
1055;14;other;Negeri;5.4;63.4;yes;>60 min;yes;textbook;71.2;61.4;46.7;59.0;d
1056;19;other;Swasta;4.2;50.9;no;<15 min;no;textbook;58.9;76.1;50.7;58.3;d
1057;16;Male;Negeri;2.0;62.7;no;>60 min;no;coaching;14.0;44.3;61.4;45.1;e
1058;18;other;Swasta;7.3;76.0;yes;30-60 min;yes;mixed;86.3;76.2;82.3;80.5;c
1059;16;other;Negeri;2.2;88.1;yes;>60 min;no;textbook;45.8;46.1;46.4;46.2;e
1060;15;Female;Negeri;6.8;80.2;yes;15-30 min;yes;group study;75.1;78.4;76.5;80.4;c
1061;18;Male;Negeri;5.8;52.8;yes;15-30 min;no;textbook;73.5;92.9;65.4;71.0;c
1062;18;Female;Swasta;2.2;73.3;yes;<15 min;no;coaching;45.2;51.5;37.8;42.8;e
1063;14;other;Negeri;5.8;98.0;yes;30-60 min;yes;coaching;88.4;60.5;93.3;81.4;c
1064;18;Female;Swasta;0.7;95.2;no;30-60 min;yes;online videos;47.3;56.4;33.1;43.1;e
1065;18;Male;Negeri;2.3;87.1;yes;<15 min;no;notes;52.1;44.2;37.4;48.9;e
1066;16;Female;Negeri;2.6;64.2;yes;30-60 min;no;notes;45.3;51.6;40.5;49.2;e
1067;19;other;Swasta;7.2;51.1;yes;30-60 min;yes;coaching;78.3;78.4;65.2;68.7;d
1068;17;Male;Swasta;7.4;72.8;yes;>60 min;yes;online videos;70.0;100.0;70.3;90.2;b
1069;16;Female;Swasta;2.5;68.7;yes;<15 min;yes;mixed;43.2;44.6;29.8;40.4;e
1070;14;Male;Swasta;4.1;83.8;yes;30-60 min;yes;group study;45.5;57.3;60.0;56.9;d
1071;18;other;Negeri;7.9;53.5;yes;30-60 min;yes;online videos;79.2;77.9;85.2;81.6;c
1072;15;other;Negeri;5.5;96.2;yes;15-30 min;no;textbook;94.9;89.4;100.0;89.3;b
1073;18;other;Swasta;1.0;86.8;yes;<15 min;no;notes;33.5;55.5;39.6;37.1;f
1074;17;Female;Swasta;3.4;98.5;yes;<15 min;no;mixed;58.1;45.7;66.5;60.3;d
1075;16;Male;Swasta;3.7;93.3;yes;<15 min;no;group study;75.8;65.8;80.1;67.5;d
1076;14;Female;Negeri;2.8;71.5;yes;30-60 min;yes;mixed;39.7;59.8;48.6;52.4;e
1077;18;other;Negeri;4.4;83.1;yes;30-60 min;yes;group study;77.8;92.0;80.7;70.3;c
1078;14;Male;Swasta;6.0;92.3;yes;15-30 min;no;textbook;85.4;100.0;92.8;87.4;b
1079;16;Male;Swasta;5.7;60.2;yes;>60 min;no;coaching;84.9;74.7;69.3;71.3;c
1080;19;other;Swasta;3.1;50.5;no;<15 min;no;mixed;30.0;46.0;46.0;38.0;f
1081;19;Female;Swasta;6.0;65.4;yes;<15 min;yes;notes;79.8;84.4;59.9;74.3;c
1082;19;Male;Negeri;4.5;71.9;yes;30-60 min;yes;mixed;63.5;56.4;58.1;59.0;d
1083;19;Male;Negeri;6.3;81.2;yes;30-60 min;yes;textbook;64.6;91.8;81.6;82.8;c
1084;17;Female;Swasta;1.4;63.2;yes;30-60 min;yes;group study;32.1;24.6;38.5;29.1;f
1085;15;Female;Swasta;3.5;72.1;yes;>60 min;no;online videos;64.5;45.7;58.7;58.2;d
1086;19;other;Negeri;3.5;82.4;yes;15-30 min;no;notes;61.4;73.7;70.8;66.6;d
1087;18;other;Negeri;3.1;91.2;yes;15-30 min;no;mixed;82.7;69.7;78.6;69.3;d
1088;19;Female;Swasta;5.7;61.3;yes;30-60 min;no;mixed;64.7;87.2;77.0;77.3;c
1089;17;Female;Swasta;4.7;90.0;yes;15-30 min;no;group study;55.3;71.1;50.1;67.2;d
1090;14;other;Swasta;3.4;97.0;yes;<15 min;no;textbook;58.9;57.8;66.0;65.0;d
1091;17;other;Swasta;4.5;70.5;yes;30-60 min;yes;textbook;45.9;68.4;43.3;54.3;e
1092;16;Male;Negeri;5.8;77.6;yes;30-60 min;yes;coaching;78.2;82.7;76.4;75.0;c
1093;19;other;Negeri;5.6;50.5;yes;<15 min;no;online videos;73.1;74.3;67.4;65.7;d
1094;16;other;Swasta;6.2;85.5;yes;<15 min;no;textbook;76.3;78.1;100.0;88.5;b
1095;15;Male;Swasta;6.9;93.6;yes;<15 min;yes;textbook;82.9;82.1;88.4;88.2;b
1096;14;other;Negeri;6.0;51.0;yes;30-60 min;yes;group study;63.1;62.3;64.5;66.5;d
1097;19;Male;Swasta;1.9;92.2;yes;<15 min;no;coaching;63.6;60.0;53.3;59.4;d
1098;18;Female;Swasta;6.8;57.5;yes;15-30 min;no;online videos;68.3;100.0;82.5;80.5;c
1099;14;Female;Swasta;3.0;92.1;no;<15 min;yes;group study;48.9;49.4;73.5;62.1;d
1100;16;other;Swasta;5.5;77.1;yes;<15 min;yes;online videos;74.5;76.1;63.7;74.8;c
1101;16;other;Swasta;7.9;68.5;yes;>60 min;no;coaching;93.3;81.8;96.3;90.8;b
1102;16;Female;Swasta;2.7;97.1;yes;<15 min;no;coaching;64.8;48.2;52.3;56.5;d
1103;19;Female;Swasta;2.5;80.6;yes;>60 min;no;mixed;68.1;40.8;41.4;43.5;e
1104;14;other;Negeri;1.9;51.9;no;>60 min;yes;notes;31.2;42.8;29.7;37.5;f
1105;15;other;Negeri;7.9;88.3;yes;30-60 min;yes;online videos;92.2;76.0;89.7;100.0;a
1106;15;other;Swasta;3.7;59.1;yes;>60 min;no;online videos;67.7;48.8;65.2;63.2;d
1107;15;other;Swasta;6.4;96.2;yes;>60 min;no;textbook;83.2;76.6;83.0;81.6;c
1108;19;other;Swasta;0.9;58.3;yes;15-30 min;no;group study;34.9;22.6;23.0;24.6;f
1109;19;other;Swasta;1.9;74.4;no;15-30 min;no;textbook;45.1;39.9;53.1;49.1;e
1110;14;other;Swasta;1.0;76.1;yes;30-60 min;yes;coaching;31.3;36.2;26.3;39.6;f
